product_id,product_name,category,criticality,supplier_name,supplier_country,shipping_method,supplier_reliability_score,promised_delivery_days,actual_delivery_days
THY-0021,Pressure Transducer,Hydraulics,High,Nabtesco Aerospace,Japan,Air,0.94,12,11
THY-0063,Emergency Flashlight,Cabin Interior,High,Dubai Aerospace Parts,UAE,Air,0.78,5,6
THY-0057,Life Vest,Cabin Interior,Medium,Dubai Aerospace Parts,UAE,Sea,0.78,10,11
THY-0046,Relay Module,Electrical,High,ST Engineering Aerospace,Singapore,Sea,0.9,34,37
THY-0023,Reservoir Cap Assembly,Hydraulics,Medium,Nabtesco Aerospace,Japan,Air,0.94,8,8
THY-0060,Reading Light Assembly,Cabin Interior,Medium,Boeing Distribution Services,USA,Air,0.9,10,12
THY-0063,Emergency Flashlight,Cabin Interior,High,Boeing Distribution Services,USA,Air,0.9,10,9
THY-0038,Radio Altimeter,Avionics,High,ST Engineering Aerospace,Singapore,Air,0.9,7,6
THY-0012,Anti-Ice Fluid Drum,Consumables,Low,AeroParts Global,China,Sea,0.72,45,54
THY-0013,Bolt Kit (AN-Series),Consumables,Low,AeroParts Global,China,Air,0.72,10,15
THY-0009,Oil Filter Element,Consumables,Low,Alp Aviation,Turkey,Road,0.86,2,2
THY-0004,Grease Cartridge,Consumables,Low,Alp Aviation,Turkey,Road,0.86,3,4
THY-0017,Flap Actuator,Hydraulics,High,Collins Aerospace,USA,Air,0.93,8,8
THY-0035,Navigation Display,Avionics,High,Thales Avionics,France,Sea,0.88,17,21
THY-0022,Landing Gear Selector Valve,Hydraulics,Medium,Nabtesco Aerospace,Japan,Sea,0.94,45,49
THY-0063,Emergency Flashlight,Cabin Interior,High,Dubai Aerospace Parts,UAE,Sea,0.78,13,16
THY-0045,Static Inverter,Electrical,High,Meggitt PLC,UK,Sea,0.85,17,16
THY-0024,Main Wheel Tire,Landing Gear,High,Meggitt PLC,UK,Air,0.85,7,7
THY-0037,Static Port Sensor,Avionics,Medium,Thales Avionics,France,Air,0.88,6,7
THY-0015,Adhesive Film Roll,Consumables,Medium,Boeing Distribution Services,USA,Air,0.9,6,5
THY-0009,Oil Filter Element,Consumables,Low,Dubai Aerospace Parts,UAE,Sea,0.78,10,15
THY-0017,Flap Actuator,Hydraulics,High,Nabtesco Aerospace,Japan,Air,0.94,8,9
THY-0011,Sealant Tube (PR-1440),Consumables,Low,Kale Aero,Turkey,Road,0.83,3,2
THY-0037,Static Port Sensor,Avionics,Medium,Collins Aerospace,USA,Air,0.93,7,7
THY-0033,Weather Radar Antenna,Avionics,Medium,Thales Avionics,France,Sea,0.88,20,23
THY-0010,Wiper Blade,Consumables,Low,Dubai Aerospace Parts,UAE,Sea,0.78,11,15
THY-0047,Position Light Assembly,Electrical,Medium,AeroParts Global,China,Air,0.72,8,10
THY-0013,Bolt Kit (AN-Series),Consumables,Low,AeroParts Global,China,Air,0.72,11,13
THY-0043,Wiring Harness Kit,Electrical,High,ST Engineering Aerospace,Singapore,Air,0.9,7,8
THY-0061,Tray Table Arm,Cabin Interior,Low,Boeing Distribution Services,USA,Air,0.9,9,8
THY-0041,AC Generator,Electrical,Medium,Meggitt PLC,UK,Air,0.85,3,5
THY-0055,Combustor Liner Panel,Engine Parts,High,TEI Tusas Engine Industries,Turkey,Road,0.89,2,3
THY-0058,Passenger Oxygen Mask,Cabin Interior,Medium,Kale Aero,Turkey,Road,0.83,5,7
THY-0004,Grease Cartridge,Consumables,Low,Boeing Distribution Services,USA,Air,0.9,10,11
THY-0012,Anti-Ice Fluid Drum,Consumables,Low,AeroParts Global,China,Air,0.72,12,15
THY-0027,Carbon Brake Disc,Landing Gear,Medium,Alp Aviation,Turkey,Air,0.86,3,4
THY-0061,Tray Table Arm,Cabin Interior,Low,Boeing Distribution Services,USA,Air,0.9,6,6
THY-0053,Fan Blade Fairing,Engine Parts,High,TEI Tusas Engine Industries,Turkey,Road,0.89,3,3
THY-0040,Main Battery Pack,Electrical,Medium,ST Engineering Aerospace,Singapore,Sea,0.9,34,43
THY-0037,Static Port Sensor,Avionics,Medium,Collins Aerospace,USA,Sea,0.93,31,35
THY-0043,Wiring Harness Kit,Electrical,High,ST Engineering Aerospace,Singapore,Air,0.9,8,10
THY-0036,Pitot Tube,Avionics,High,ST Engineering Aerospace,Singapore,Sea,0.9,38,35
THY-0054,Oil Pressure Sensor,Engine Parts,High,Safran Aerosystems,France,Air,0.91,7,6
THY-0020,Servo Control Valve,Hydraulics,High,Liebherr Aerospace,Germany,Sea,0.92,16,16
THY-0020,Servo Control Valve,Hydraulics,High,Collins Aerospace,USA,Air,0.93,6,7
THY-0011,Sealant Tube (PR-1440),Consumables,Low,Dubai Aerospace Parts,UAE,Sea,0.78,14,19
THY-0016,Hydraulic Pump Assembly,Hydraulics,Medium,Collins Aerospace,USA,Air,0.93,7,8
THY-0057,Life Vest,Cabin Interior,Medium,Dubai Aerospace Parts,UAE,Air,0.78,4,6
THY-0008,Fuel Filter Element,Consumables,Medium,Boeing Distribution Services,USA,Sea,0.9,32,35
THY-0053,Fan Blade Fairing,Engine Parts,High,GKN Aerospace,UK,Air,0.87,4,3
THY-0012,Anti-Ice Fluid Drum,Consumables,Low,Alp Aviation,Turkey,Road,0.86,3,5
THY-0018,Hydraulic Accumulator,Hydraulics,High,Liebherr Aerospace,Germany,Air,0.92,3,2
THY-0002,Hydraulic Fluid (Skydrol LD-4),Consumables,Low,Alp Aviation,Turkey,Air,0.86,1,1
THY-0012,Anti-Ice Fluid Drum,Consumables,Low,Boeing Distribution Services,USA,Air,0.9,8,10
THY-0055,Combustor Liner Panel,Engine Parts,High,Safran Aerosystems,France,Air,0.91,5,4
THY-0049,Fuel Nozzle,Engine Parts,High,GKN Aerospace,UK,Air,0.87,7,7
THY-0033,Weather Radar Antenna,Avionics,Medium,ST Engineering Aerospace,Singapore,Air,0.9,6,6
THY-0025,Nose Wheel Tire,Landing Gear,Medium,Alp Aviation,Turkey,Road,0.86,3,4
THY-0033,Weather Radar Antenna,Avionics,Medium,Thales Avionics,France,Sea,0.88,19,25
THY-0062,Lavatory Smoke Detector,Cabin Interior,High,Kale Aero,Turkey,Road,0.83,2,3
THY-0025,Nose Wheel Tire,Landing Gear,Medium,GKN Aerospace,UK,Sea,0.87,19,18
THY-0054,Oil Pressure Sensor,Engine Parts,High,TEI Tusas Engine Industries,Turkey,Road,0.89,5,4
THY-0007,Cabin Air Filter,Consumables,Low,Alp Aviation,Turkey,Road,0.86,5,4
THY-0012,Anti-Ice Fluid Drum,Consumables,Low,Dubai Aerospace Parts,UAE,Air,0.78,4,5
THY-0043,Wiring Harness Kit,Electrical,High,Collins Aerospace,USA,Sea,0.93,28,26
THY-0002,Hydraulic Fluid (Skydrol LD-4),Consumables,Low,Dubai Aerospace Parts,UAE,Air,0.78,6,8
THY-0041,AC Generator,Electrical,Medium,Meggitt PLC,UK,Air,0.85,7,6
THY-0027,Carbon Brake Disc,Landing Gear,Medium,Liebherr Aerospace,Germany,Air,0.92,7,8
THY-0051,Starter Motor,Engine Parts,Medium,GKN Aerospace,UK,Air,0.87,6,5
THY-0019,Hydraulic Hose Assembly,Hydraulics,High,Nabtesco Aerospace,Japan,Air,0.94,8,8
THY-0062,Lavatory Smoke Detector,Cabin Interior,High,Boeing Distribution Services,USA,Air,0.9,8,8
THY-0015,Adhesive Film Roll,Consumables,Medium,Kale Aero,Turkey,Road,0.83,5,7
THY-0033,Weather Radar Antenna,Avionics,Medium,Collins Aerospace,USA,Sea,0.93,31,32
THY-0043,Wiring Harness Kit,Electrical,High,ST Engineering Aerospace,Singapore,Air,0.9,6,4
THY-0003,Turbine Engine Oil,Consumables,High,Dubai Aerospace Parts,UAE,Sea,0.78,14,18
THY-0003,Turbine Engine Oil,Consumables,High,Boeing Distribution Services,USA,Sea,0.9,31,43
THY-0032,Transponder Unit,Avionics,Medium,Thales Avionics,France,Sea,0.88,19,23
THY-0027,Carbon Brake Disc,Landing Gear,Medium,Meggitt PLC,UK,Air,0.85,5,7
THY-0026,Brake Assembly,Landing Gear,High,Liebherr Aerospace,Germany,Air,0.92,6,5
THY-0003,Turbine Engine Oil,Consumables,High,AeroParts Global,China,Air,0.72,12,15
THY-0047,Position Light Assembly,Electrical,Medium,Meggitt PLC,UK,Air,0.85,5,7
THY-0052,Bleed Air Valve,Engine Parts,High,GKN Aerospace,UK,Air,0.87,7,8
THY-0036,Pitot Tube,Avionics,High,Thales Avionics,France,Air,0.88,5,5
THY-0045,Static Inverter,Electrical,High,ST Engineering Aerospace,Singapore,Sea,0.9,30,23
THY-0039,FDR Battery Pack,Avionics,High,Collins Aerospace,USA,Air,0.93,10,10
THY-0018,Hydraulic Accumulator,Hydraulics,High,Collins Aerospace,USA,Air,0.93,5,5
THY-0002,Hydraulic Fluid (Skydrol LD-4),Consumables,Low,Kale Aero,Turkey,Road,0.83,4,4
THY-0039,FDR Battery Pack,Avionics,High,Thales Avionics,France,Sea,0.88,20,20
THY-0005,Safety Wire Spool,Consumables,Medium,Dubai Aerospace Parts,UAE,Sea,0.78,12,17
THY-0019,Hydraulic Hose Assembly,Hydraulics,High,Safran Aerosystems,France,Air,0.91,6,7
THY-0023,Reservoir Cap Assembly,Hydraulics,Medium,Liebherr Aerospace,Germany,Air,0.92,3,4
THY-0037,Static Port Sensor,Avionics,Medium,Thales Avionics,France,Sea,0.88,19,19
THY-0003,Turbine Engine Oil,Consumables,High,Boeing Distribution Services,USA,Sea,0.9,26,25
THY-0029,Torque Link Pin,Landing Gear,High,GKN Aerospace,UK,Air,0.87,7,7
THY-0036,Pitot Tube,Avionics,High,Thales Avionics,France,Air,0.88,3,3
THY-0014,Cotter Pin Pack,Consumables,Medium,Dubai Aerospace Parts,UAE,Air,0.78,4,3
THY-0047,Position Light Assembly,Electrical,Medium,AeroParts Global,China,Sea,0.72,32,47
THY-0021,Pressure Transducer,Hydraulics,High,Liebherr Aerospace,Germany,Sea,0.92,20,25
THY-0042,LED Landing Light,Electrical,Low,AeroParts Global,China,Sea,0.72,40,44
THY-0014,Cotter Pin Pack,Consumables,Medium,AeroParts Global,China,Air,0.72,6,8
THY-0063,Emergency Flashlight,Cabin Interior,High,Dubai Aerospace Parts,UAE,Air,0.78,4,4
THY-0002,Hydraulic Fluid (Skydrol LD-4),Consumables,Low,Kale Aero,Turkey,Air,0.83,3,3
THY-0033,Weather Radar Antenna,Avionics,Medium,ST Engineering Aerospace,Singapore,Air,0.9,11,14
THY-0007,Cabin Air Filter,Consumables,Low,AeroParts Global,China,Sea,0.72,45,58
THY-0016,Hydraulic Pump Assembly,Hydraulics,Medium,Collins Aerospace,USA,Sea,0.93,28,25
THY-0034,VHF Radio Unit,Avionics,Medium,Thales Avionics,France,Air,0.88,3,3
THY-0014,Cotter Pin Pack,Consumables,Medium,AeroParts Global,China,Air,0.72,9,12
THY-0044,Circuit Breaker (25A),Electrical,Medium,AeroParts Global,China,Air,0.72,10,13
THY-0004,Grease Cartridge,Consumables,Low,Boeing Distribution Services,USA,Air,0.9,6,7
THY-0008,Fuel Filter Element,Consumables,Medium,AeroParts Global,China,Air,0.72,9,12
THY-0010,Wiper Blade,Consumables,Low,Alp Aviation,Turkey,Road,0.86,5,4
THY-0049,Fuel Nozzle,Engine Parts,High,TEI Tusas Engine Industries,Turkey,Road,0.89,2,1
THY-0017,Flap Actuator,Hydraulics,High,Nabtesco Aerospace,Japan,Sea,0.94,34,36
THY-0018,Hydraulic Accumulator,Hydraulics,High,Liebherr Aerospace,Germany,Air,0.92,4,4
THY-0062,Lavatory Smoke Detector,Cabin Interior,High,Boeing Distribution Services,USA,Air,0.9,8,8
THY-0019,Hydraulic Hose Assembly,Hydraulics,High,Nabtesco Aerospace,Japan,Sea,0.94,29,38
THY-0032,Transponder Unit,Avionics,Medium,ST Engineering Aerospace,Singapore,Air,0.9,6,5
THY-0009,Oil Filter Element,Consumables,Low,Dubai Aerospace Parts,UAE,Air,0.78,5,6
THY-0028,Shock Strut Seal Kit,Landing Gear,Medium,Meggitt PLC,UK,Sea,0.85,17,21
THY-0036,Pitot Tube,Avionics,High,Collins Aerospace,USA,Sea,0.93,37,35
THY-0013,Bolt Kit (AN-Series),Consumables,Low,Boeing Distribution Services,USA,Air,0.9,8,10
THY-0034,VHF Radio Unit,Avionics,Medium,Thales Avionics,France,Air,0.88,5,6
THY-0023,Reservoir Cap Assembly,Hydraulics,Medium,Collins Aerospace,USA,Sea,0.93,39,41
THY-0004,Grease Cartridge,Consumables,Low,Alp Aviation,Turkey,Road,0.86,2,2
THY-0039,FDR Battery Pack,Avionics,High,Thales Avionics,France,Air,0.88,3,4
THY-0026,Brake Assembly,Landing Gear,High,Liebherr Aerospace,Germany,Air,0.92,3,2
THY-0054,Oil Pressure Sensor,Engine Parts,High,TEI Tusas Engine Industries,Turkey,Air,0.89,1,1
THY-0026,Brake Assembly,Landing Gear,High,GKN Aerospace,UK,Air,0.87,7,8
THY-0008,Fuel Filter Element,Consumables,Medium,Alp Aviation,Turkey,Air,0.86,1,1
THY-0041,AC Generator,Electrical,Medium,Collins Aerospace,USA,Air,0.93,7,6
THY-0027,Carbon Brake Disc,Landing Gear,Medium,Alp Aviation,Turkey,Road,0.86,5,5
THY-0008,Fuel Filter Element,Consumables,Medium,Dubai Aerospace Parts,UAE,Sea,0.78,15,20
THY-0022,Landing Gear Selector Valve,Hydraulics,Medium,Liebherr Aerospace,Germany,Air,0.92,6,6
THY-0038,Radio Altimeter,Avionics,High,Collins Aerospace,USA,Air,0.93,10,9
THY-0036,Pitot Tube,Avionics,High,Collins Aerospace,USA,Air,0.93,8,7
THY-0036,Pitot Tube,Avionics,High,ST Engineering Aerospace,Singapore,Air,0.9,7,8
THY-0048,Igniter Plug,Engine Parts,High,GKN Aerospace,UK,Sea,0.87,22,21
THY-0014,Cotter Pin Pack,Consumables,Medium,AeroParts Global,China,Air,0.72,9,11
THY-0013,Bolt Kit (AN-Series),Consumables,Low,Kale Aero,Turkey,Road,0.83,3,3
THY-0030,Wheel Bearing Set,Landing Gear,High,Meggitt PLC,UK,Sea,0.85,13,15
THY-0057,Life Vest,Cabin Interior,Medium,AeroParts Global,China,Sea,0.72,37,42
THY-0063,Emergency Flashlight,Cabin Interior,High,AeroParts Global,China,Sea,0.72,43,45
THY-0026,Brake Assembly,Landing Gear,High,Alp Aviation,Turkey,Road,0.86,3,4
THY-0013,Bolt Kit (AN-Series),Consumables,Low,Boeing Distribution Services,USA,Air,0.9,7,8
THY-0022,Landing Gear Selector Valve,Hydraulics,Medium,Collins Aerospace,USA,Air,0.93,8,9
THY-0008,Fuel Filter Element,Consumables,Medium,Kale Aero,Turkey,Road,0.83,4,6
THY-0020,Servo Control Valve,Hydraulics,High,Liebherr Aerospace,Germany,Air,0.92,6,6
THY-0030,Wheel Bearing Set,Landing Gear,High,Liebherr Aerospace,Germany,Air,0.92,3,5
THY-0037,Static Port Sensor,Avionics,Medium,Collins Aerospace,USA,Air,0.93,5,5
THY-0028,Shock Strut Seal Kit,Landing Gear,Medium,Meggitt PLC,UK,Air,0.85,4,5
THY-0040,Main Battery Pack,Electrical,Medium,ST Engineering Aerospace,Singapore,Sea,0.9,34,31
THY-0046,Relay Module,Electrical,High,Meggitt PLC,UK,Sea,0.85,21,26
THY-0053,Fan Blade Fairing,Engine Parts,High,Safran Aerosystems,France,Air,0.91,3,4
THY-0021,Pressure Transducer,Hydraulics,High,Safran Aerosystems,France,Air,0.91,4,5
THY-0015,Adhesive Film Roll,Consumables,Medium,Alp Aviation,Turkey,Road,0.86,5,5
THY-0010,Wiper Blade,Consumables,Low,AeroParts Global,China,Air,0.72,12,19
THY-0015,Adhesive Film Roll,Consumables,Medium,Dubai Aerospace Parts,UAE,Sea,0.78,10,14
THY-0057,Life Vest,Cabin Interior,Medium,AeroParts Global,China,Air,0.72,12,16
THY-0028,Shock Strut Seal Kit,Landing Gear,Medium,GKN Aerospace,UK,Air,0.87,5,5
THY-0032,Transponder Unit,Avionics,Medium,Thales Avionics,France,Air,0.88,4,4
THY-0041,AC Generator,Electrical,Medium,ST Engineering Aerospace,Singapore,Air,0.9,8,9
THY-0022,Landing Gear Selector Valve,Hydraulics,Medium,Nabtesco Aerospace,Japan,Air,0.94,6,5
THY-0046,Relay Module,Electrical,High,AeroParts Global,China,Air,0.72,10,12
THY-0013,Bolt Kit (AN-Series),Consumables,Low,Dubai Aerospace Parts,UAE,Air,0.78,3,4
THY-0055,Combustor Liner Panel,Engine Parts,High,TEI Tusas Engine Industries,Turkey,Air,0.89,3,3
THY-0036,Pitot Tube,Avionics,High,ST Engineering Aerospace,Singapore,Air,0.9,7,5
THY-0053,Fan Blade Fairing,Engine Parts,High,TEI Tusas Engine Industries,Turkey,Road,0.89,4,5
THY-0001,O-Ring Seal Kit,Consumables,Low,AeroParts Global,China,Air,0.72,11,14
THY-0030,Wheel Bearing Set,Landing Gear,High,Meggitt PLC,UK,Sea,0.85,16,16
THY-0029,Torque Link Pin,Landing Gear,High,Meggitt PLC,UK,Air,0.85,6,6
THY-0030,Wheel Bearing Set,Landing Gear,High,Alp Aviation,Turkey,Air,0.86,1,1
THY-0002,Hydraulic Fluid (Skydrol LD-4),Consumables,Low,Dubai Aerospace Parts,UAE,Air,0.78,5,8
THY-0019,Hydraulic Hose Assembly,Hydraulics,High,Nabtesco Aerospace,Japan,Air,0.94,7,6
THY-0004,Grease Cartridge,Consumables,Low,Kale Aero,Turkey,Road,0.83,4,4
THY-0011,Sealant Tube (PR-1440),Consumables,Low,Kale Aero,Turkey,Road,0.83,5,4
THY-0057,Life Vest,Cabin Interior,Medium,Boeing Distribution Services,USA,Sea,0.9,34,38
THY-0037,Static Port Sensor,Avionics,Medium,Collins Aerospace,USA,Air,0.93,8,9
THY-0011,Sealant Tube (PR-1440),Consumables,Low,Dubai Aerospace Parts,UAE,Air,0.78,4,5
THY-0038,Radio Altimeter,Avionics,High,Collins Aerospace,USA,Sea,0.93,32,28
THY-0035,Navigation Display,Avionics,High,ST Engineering Aerospace,Singapore,Sea,0.9,28,23
THY-0017,Flap Actuator,Hydraulics,High,Nabtesco Aerospace,Japan,Air,0.94,8,8
THY-0005,Safety Wire Spool,Consumables,Medium,Kale Aero,Turkey,Road,0.83,5,6
THY-0018,Hydraulic Accumulator,Hydraulics,High,Safran Aerosystems,France,Sea,0.91,17,17
THY-0021,Pressure Transducer,Hydraulics,High,Nabtesco Aerospace,Japan,Air,0.94,7,7
THY-0027,Carbon Brake Disc,Landing Gear,Medium,Liebherr Aerospace,Germany,Air,0.92,5,5
THY-0038,Radio Altimeter,Avionics,High,Thales Avionics,France,Air,0.88,5,6
THY-0022,Landing Gear Selector Valve,Hydraulics,Medium,Collins Aerospace,USA,Air,0.93,7,7
THY-0019,Hydraulic Hose Assembly,Hydraulics,High,Safran Aerosystems,France,Air,0.91,3,2
THY-0059,Galley Latch,Cabin Interior,Low,Dubai Aerospace Parts,UAE,Sea,0.78,16,18
THY-0043,Wiring Harness Kit,Electrical,High,ST Engineering Aerospace,Singapore,Sea,0.9,36,30
THY-0047,Position Light Assembly,Electrical,Medium,AeroParts Global,China,Air,0.72,9,10
THY-0024,Main Wheel Tire,Landing Gear,High,Liebherr Aerospace,Germany,Sea,0.92,14,16
THY-0006,Rivet Pack (100pc),Consumables,Medium,Dubai Aerospace Parts,UAE,Sea,0.78,14,16
THY-0019,Hydraulic Hose Assembly,Hydraulics,High,Safran Aerosystems,France,Sea,0.91,16,15
THY-0023,Reservoir Cap Assembly,Hydraulics,Medium,Safran Aerosystems,France,Sea,0.91,16,18
THY-0062,Lavatory Smoke Detector,Cabin Interior,High,Dubai Aerospace Parts,UAE,Air,0.78,4,3
THY-0029,Torque Link Pin,Landing Gear,High,Meggitt PLC,UK,Sea,0.85,21,25
THY-0017,Flap Actuator,Hydraulics,High,Safran Aerosystems,France,Air,0.91,5,5
THY-0007,Cabin Air Filter,Consumables,Low,Alp Aviation,Turkey,Road,0.86,2,3
THY-0022,Landing Gear Selector Valve,Hydraulics,Medium,Nabtesco Aerospace,Japan,Air,0.94,12,12
THY-0059,Galley Latch,Cabin Interior,Low,Boeing Distribution Services,USA,Air,0.9,5,7
THY-0023,Reservoir Cap Assembly,Hydraulics,Medium,Liebherr Aerospace,Germany,Air,0.92,3,2
THY-0049,Fuel Nozzle,Engine Parts,High,Safran Aerosystems,France,Sea,0.91,15,19
THY-0055,Combustor Liner Panel,Engine Parts,High,TEI Tusas Engine Industries,Turkey,Road,0.89,3,2
THY-0038,Radio Altimeter,Avionics,High,Collins Aerospace,USA,Sea,0.93,28,24
THY-0023,Reservoir Cap Assembly,Hydraulics,Medium,Nabtesco Aerospace,Japan,Sea,0.94,39,44
THY-0057,Life Vest,Cabin Interior,Medium,Kale Aero,Turkey,Road,0.83,2,1
THY-0003,Turbine Engine Oil,Consumables,High,Dubai Aerospace Parts,UAE,Air,0.78,5,4
THY-0008,Fuel Filter Element,Consumables,Medium,Boeing Distribution Services,USA,Air,0.9,7,7
THY-0037,Static Port Sensor,Avionics,Medium,Thales Avionics,France,Air,0.88,3,5
THY-0038,Radio Altimeter,Avionics,High,Thales Avionics,France,Air,0.88,4,5
THY-0026,Brake Assembly,Landing Gear,High,Meggitt PLC,UK,Sea,0.85,21,21
THY-0007,Cabin Air Filter,Consumables,Low,Kale Aero,Turkey,Road,0.83,3,3
THY-0027,Carbon Brake Disc,Landing Gear,Medium,Liebherr Aerospace,Germany,Air,0.92,6,6
THY-0028,Shock Strut Seal Kit,Landing Gear,Medium,Meggitt PLC,UK,Air,0.85,3,3
THY-0050,HPT Turbine Blade,Engine Parts,High,TEI Tusas Engine Industries,Turkey,Road,0.89,3,2
THY-0034,VHF Radio Unit,Avionics,Medium,ST Engineering Aerospace,Singapore,Sea,0.9,34,44
THY-0030,Wheel Bearing Set,Landing Gear,High,Meggitt PLC,UK,Sea,0.85,16,15
THY-0027,Carbon Brake Disc,Landing Gear,Medium,Meggitt PLC,UK,Sea,0.85,14,22
THY-0059,Galley Latch,Cabin Interior,Low,Boeing Distribution Services,USA,Air,0.9,5,7
THY-0009,Oil Filter Element,Consumables,Low,AeroParts Global,China,Air,0.72,12,14
THY-0012,Anti-Ice Fluid Drum,Consumables,Low,Boeing Distribution Services,USA,Air,0.9,10,11
THY-0055,Combustor Liner Panel,Engine Parts,High,Safran Aerosystems,France,Air,0.91,3,4
THY-0059,Galley Latch,Cabin Interior,Low,Boeing Distribution Services,USA,Air,0.9,7,8
THY-0055,Combustor Liner Panel,Engine Parts,High,TEI Tusas Engine Industries,Turkey,Air,0.89,2,3
THY-0015,Adhesive Film Roll,Consumables,Medium,Alp Aviation,Turkey,Road,0.86,4,6
THY-0060,Reading Light Assembly,Cabin Interior,Medium,Dubai Aerospace Parts,UAE,Air,0.78,5,6
THY-0024,Main Wheel Tire,Landing Gear,High,Liebherr Aerospace,Germany,Air,0.92,4,6
THY-0055,Combustor Liner Panel,Engine Parts,High,TEI Tusas Engine Industries,Turkey,Air,0.89,3,2
THY-0015,Adhesive Film Roll,Consumables,Medium,Kale Aero,Turkey,Road,0.83,3,4
THY-0004,Grease Cartridge,Consumables,Low,Dubai Aerospace Parts,UAE,Air,0.78,3,3
THY-0037,Static Port Sensor,Avionics,Medium,Thales Avionics,France,Air,0.88,4,4
THY-0031,Axle Nut,Landing Gear,Medium,Alp Aviation,Turkey,Road,0.86,2,3
THY-0015,Adhesive Film Roll,Consumables,Medium,AeroParts Global,China,Air,0.72,7,10
THY-0026,Brake Assembly,Landing Gear,High,Liebherr Aerospace,Germany,Air,0.92,3,4
THY-0056,Passenger Seat Belt,Cabin Interior,Medium,Dubai Aerospace Parts,UAE,Sea,0.78,18,24
THY-0053,Fan Blade Fairing,Engine Parts,High,TEI Tusas Engine Industries,Turkey,Air,0.89,1,1
THY-0043,Wiring Harness Kit,Electrical,High,AeroParts Global,China,Sea,0.72,30,36
THY-0046,Relay Module,Electrical,High,AeroParts Global,China,Sea,0.72,33,51
THY-0041,AC Generator,Electrical,Medium,ST Engineering Aerospace,Singapore,Air,0.9,6,7
THY-0056,Passenger Seat Belt,Cabin Interior,Medium,Dubai Aerospace Parts,UAE,Air,0.78,5,5
THY-0032,Transponder Unit,Avionics,Medium,Collins Aerospace,USA,Air,0.93,5,4
THY-0036,Pitot Tube,Avionics,High,Collins Aerospace,USA,Air,0.93,8,8
THY-0048,Igniter Plug,Engine Parts,High,Safran Aerosystems,France,Air,0.91,6,5
THY-0035,Navigation Display,Avionics,High,ST Engineering Aerospace,Singapore,Sea,0.9,35,34
THY-0030,Wheel Bearing Set,Landing Gear,High,GKN Aerospace,UK,Sea,0.87,21,18
THY-0043,Wiring Harness Kit,Electrical,High,Meggitt PLC,UK,Sea,0.85,14,15
THY-0045,Static Inverter,Electrical,High,ST Engineering Aerospace,Singapore,Air,0.9,10,12
THY-0027,Carbon Brake Disc,Landing Gear,Medium,Alp Aviation,Turkey,Road,0.86,5,7
THY-0019,Hydraulic Hose Assembly,Hydraulics,High,Safran Aerosystems,France,Sea,0.91,14,19
THY-0016,Hydraulic Pump Assembly,Hydraulics,Medium,Safran Aerosystems,France,Air,0.91,4,4
THY-0054,Oil Pressure Sensor,Engine Parts,High,Lufthansa Technik,Germany,Air,0.95,5,7
THY-0016,Hydraulic Pump Assembly,Hydraulics,Medium,Nabtesco Aerospace,Japan,Air,0.94,7,8
THY-0015,Adhesive Film Roll,Consumables,Medium,Boeing Distribution Services,USA,Air,0.9,9,10
THY-0009,Oil Filter Element,Consumables,Low,Alp Aviation,Turkey,Road,0.86,3,2
THY-0012,Anti-Ice Fluid Drum,Consumables,Low,AeroParts Global,China,Air,0.72,11,14
THY-0012,Anti-Ice Fluid Drum,Consumables,Low,Kale Aero,Turkey,Road,0.83,5,7
THY-0053,Fan Blade Fairing,Engine Parts,High,GKN Aerospace,UK,Sea,0.87,15,20
THY-0018,Hydraulic Accumulator,Hydraulics,High,Liebherr Aerospace,Germany,Air,0.92,5,4
THY-0023,Reservoir Cap Assembly,Hydraulics,Medium,Collins Aerospace,USA,Air,0.93,6,6
THY-0017,Flap Actuator,Hydraulics,High,Safran Aerosystems,France,Sea,0.91,15,16
THY-0051,Starter Motor,Engine Parts,Medium,Safran Aerosystems,France,Sea,0.91,20,25
THY-0032,Transponder Unit,Avionics,Medium,Thales Avionics,France,Sea,0.88,13,20
THY-0014,Cotter Pin Pack,Consumables,Medium,Boeing Distribution Services,USA,Sea,0.9,40,35
THY-0058,Passenger Oxygen Mask,Cabin Interior,Medium,Dubai Aerospace Parts,UAE,Air,0.78,5,7
THY-0062,Lavatory Smoke Detector,Cabin Interior,High,AeroParts Global,China,Air,0.72,8,12
THY-0020,Servo Control Valve,Hydraulics,High,Liebherr Aerospace,Germany,Air,0.92,5,5
THY-0010,Wiper Blade,Consumables,Low,AeroParts Global,China,Sea,0.72,30,42
THY-0031,Axle Nut,Landing Gear,Medium,Alp Aviation,Turkey,Road,0.86,5,6
THY-0040,Main Battery Pack,Electrical,Medium,Meggitt PLC,UK,Sea,0.85,20,28
THY-0032,Transponder Unit,Avionics,Medium,Collins Aerospace,USA,Air,0.93,7,8
THY-0052,Bleed Air Valve,Engine Parts,High,Lufthansa Technik,Germany,Air,0.95,4,3
THY-0055,Combustor Liner Panel,Engine Parts,High,Lufthansa Technik,Germany,Air,0.95,6,6
THY-0002,Hydraulic Fluid (Skydrol LD-4),Consumables,Low,Dubai Aerospace Parts,UAE,Sea,0.78,12,14
THY-0061,Tray Table Arm,Cabin Interior,Low,Kale Aero,Turkey,Air,0.83,2,3
THY-0003,Turbine Engine Oil,Consumables,High,Dubai Aerospace Parts,UAE,Sea,0.78,10,12
THY-0017,Flap Actuator,Hydraulics,High,Nabtesco Aerospace,Japan,Air,0.94,11,10
THY-0059,Galley Latch,Cabin Interior,Low,AeroParts Global,China,Air,0.72,9,12
THY-0011,Sealant Tube (PR-1440),Consumables,Low,Dubai Aerospace Parts,UAE,Sea,0.78,15,15
THY-0007,Cabin Air Filter,Consumables,Low,AeroParts Global,China,Air,0.72,9,12
THY-0047,Position Light Assembly,Electrical,Medium,AeroParts Global,China,Sea,0.72,36,38
THY-0039,FDR Battery Pack,Avionics,High,ST Engineering Aerospace,Singapore,Air,0.9,11,12
THY-0060,Reading Light Assembly,Cabin Interior,Medium,AeroParts Global,China,Air,0.72,11,15
THY-0063,Emergency Flashlight,Cabin Interior,High,Boeing Distribution Services,USA,Air,0.9,6,6
THY-0015,Adhesive Film Roll,Consumables,Medium,Dubai Aerospace Parts,UAE,Sea,0.78,11,9
THY-0019,Hydraulic Hose Assembly,Hydraulics,High,Safran Aerosystems,France,Air,0.91,6,6
THY-0007,Cabin Air Filter,Consumables,Low,Dubai Aerospace Parts,UAE,Sea,0.78,12,13
THY-0029,Torque Link Pin,Landing Gear,High,GKN Aerospace,UK,Air,0.87,8,8
THY-0045,Static Inverter,Electrical,High,Meggitt PLC,UK,Air,0.85,6,6
THY-0027,Carbon Brake Disc,Landing Gear,Medium,Alp Aviation,Turkey,Road,0.86,5,6
THY-0044,Circuit Breaker (25A),Electrical,Medium,AeroParts Global,China,Sea,0.72,44,60
THY-0018,Hydraulic Accumulator,Hydraulics,High,Safran Aerosystems,France,Air,0.91,4,5
THY-0002,Hydraulic Fluid (Skydrol LD-4),Consumables,Low,AeroParts Global,China,Air,0.72,6,9
THY-0052,Bleed Air Valve,Engine Parts,High,GKN Aerospace,UK,Sea,0.87,17,18
THY-0019,Hydraulic Hose Assembly,Hydraulics,High,Nabtesco Aerospace,Japan,Sea,0.94,36,43
THY-0019,Hydraulic Hose Assembly,Hydraulics,High,Nabtesco Aerospace,Japan,Air,0.94,8,8
THY-0050,HPT Turbine Blade,Engine Parts,High,Lufthansa Technik,Germany,Air,0.95,7,5
THY-0042,LED Landing Light,Electrical,Low,ST Engineering Aerospace,Singapore,Air,0.9,9,8
THY-0053,Fan Blade Fairing,Engine Parts,High,GKN Aerospace,UK,Sea,0.87,21,28
THY-0029,Torque Link Pin,Landing Gear,High,Meggitt PLC,UK,Air,0.85,3,2
THY-0023,Reservoir Cap Assembly,Hydraulics,Medium,Nabtesco Aerospace,Japan,Sea,0.94,29,24
THY-0061,Tray Table Arm,Cabin Interior,Low,Kale Aero,Turkey,Road,0.83,2,3
THY-0003,Turbine Engine Oil,Consumables,High,Kale Aero,Turkey,Road,0.83,5,5
THY-0004,Grease Cartridge,Consumables,Low,AeroParts Global,China,Air,0.72,11,12
THY-0019,Hydraulic Hose Assembly,Hydraulics,High,Safran Aerosystems,France,Air,0.91,6,7
THY-0009,Oil Filter Element,Consumables,Low,Alp Aviation,Turkey,Road,0.86,3,4
THY-0030,Wheel Bearing Set,Landing Gear,High,Liebherr Aerospace,Germany,Air,0.92,4,3
THY-0039,FDR Battery Pack,Avionics,High,Collins Aerospace,USA,Sea,0.93,37,30
THY-0015,Adhesive Film Roll,Consumables,Medium,Dubai Aerospace Parts,UAE,Air,0.78,4,4
THY-0054,Oil Pressure Sensor,Engine Parts,High,Safran Aerosystems,France,Air,0.91,3,3
THY-0039,FDR Battery Pack,Avionics,High,Collins Aerospace,USA,Sea,0.93,25,27
THY-0033,Weather Radar Antenna,Avionics,Medium,ST Engineering Aerospace,Singapore,Air,0.9,8,9
THY-0025,Nose Wheel Tire,Landing Gear,Medium,Meggitt PLC,UK,Air,0.85,5,6
THY-0035,Navigation Display,Avionics,High,Thales Avionics,France,Sea,0.88,12,8
THY-0052,Bleed Air Valve,Engine Parts,High,Lufthansa Technik,Germany,Air,0.95,4,2
THY-0004,Grease Cartridge,Consumables,Low,Boeing Distribution Services,USA,Air,0.9,10,10
THY-0040,Main Battery Pack,Electrical,Medium,ST Engineering Aerospace,Singapore,Air,0.9,8,7
THY-0049,Fuel Nozzle,Engine Parts,High,TEI Tusas Engine Industries,Turkey,Road,0.89,5,5
THY-0033,Weather Radar Antenna,Avionics,Medium,ST Engineering Aerospace,Singapore,Air,0.9,7,8
THY-0039,FDR Battery Pack,Avionics,High,ST Engineering Aerospace,Singapore,Sea,0.9,39,38
THY-0020,Servo Control Valve,Hydraulics,High,Collins Aerospace,USA,Air,0.93,5,3
THY-0017,Flap Actuator,Hydraulics,High,Nabtesco Aerospace,Japan,Air,0.94,12,14
THY-0060,Reading Light Assembly,Cabin Interior,Medium,Dubai Aerospace Parts,UAE,Sea,0.78,15,16
THY-0027,Carbon Brake Disc,Landing Gear,Medium,GKN Aerospace,UK,Air,0.87,4,5
THY-0060,Reading Light Assembly,Cabin Interior,Medium,AeroParts Global,China,Sea,0.72,37,39
THY-0052,Bleed Air Valve,Engine Parts,High,Safran Aerosystems,France,Sea,0.91,17,19
THY-0028,Shock Strut Seal Kit,Landing Gear,Medium,GKN Aerospace,UK,Air,0.87,3,3
THY-0045,Static Inverter,Electrical,High,Collins Aerospace,USA,Air,0.93,5,5
THY-0036,Pitot Tube,Avionics,High,Thales Avionics,France,Sea,0.88,15,19
THY-0024,Main Wheel Tire,Landing Gear,High,Meggitt PLC,UK,Sea,0.85,20,29
THY-0013,Bolt Kit (AN-Series),Consumables,Low,Alp Aviation,Turkey,Road,0.86,3,4
THY-0062,Lavatory Smoke Detector,Cabin Interior,High,Dubai Aerospace Parts,UAE,Air,0.78,5,6
THY-0044,Circuit Breaker (25A),Electrical,Medium,Meggitt PLC,UK,Sea,0.85,18,20
THY-0039,FDR Battery Pack,Avionics,High,ST Engineering Aerospace,Singapore,Sea,0.9,40,50
THY-0027,Carbon Brake Disc,Landing Gear,Medium,Meggitt PLC,UK,Air,0.85,6,7
THY-0013,Bolt Kit (AN-Series),Consumables,Low,AeroParts Global,China,Air,0.72,10,13
THY-0062,Lavatory Smoke Detector,Cabin Interior,High,Dubai Aerospace Parts,UAE,Sea,0.78,14,10
THY-0054,Oil Pressure Sensor,Engine Parts,High,Lufthansa Technik,Germany,Sea,0.95,15,11
THY-0015,Adhesive Film Roll,Consumables,Medium,Dubai Aerospace Parts,UAE,Sea,0.78,16,17
THY-0009,Oil Filter Element,Consumables,Low,Kale Aero,Turkey,Road,0.83,5,5
THY-0012,Anti-Ice Fluid Drum,Consumables,Low,Kale Aero,Turkey,Air,0.83,1,1
THY-0047,Position Light Assembly,Electrical,Medium,Meggitt PLC,UK,Sea,0.85,22,25
THY-0061,Tray Table Arm,Cabin Interior,Low,Kale Aero,Turkey,Road,0.83,3,4
THY-0062,Lavatory Smoke Detector,Cabin Interior,High,Boeing Distribution Services,USA,Air,0.9,10,11
THY-0034,VHF Radio Unit,Avionics,Medium,ST Engineering Aerospace,Singapore,Air,0.9,8,8
THY-0025,Nose Wheel Tire,Landing Gear,Medium,Meggitt PLC,UK,Air,0.85,6,8
THY-0026,Brake Assembly,Landing Gear,High,GKN Aerospace,UK,Air,0.87,6,8
THY-0052,Bleed Air Valve,Engine Parts,High,GKN Aerospace,UK,Air,0.87,4,4
THY-0063,Emergency Flashlight,Cabin Interior,High,Boeing Distribution Services,USA,Air,0.9,8,8
THY-0027,Carbon Brake Disc,Landing Gear,Medium,GKN Aerospace,UK,Air,0.87,4,4
THY-0050,HPT Turbine Blade,Engine Parts,High,TEI Tusas Engine Industries,Turkey,Road,0.89,2,2
THY-0014,Cotter Pin Pack,Consumables,Medium,Kale Aero,Turkey,Air,0.83,2,1
THY-0055,Combustor Liner Panel,Engine Parts,High,Lufthansa Technik,Germany,Sea,0.95,13,15
THY-0035,Navigation Display,Avionics,High,Thales Avionics,France,Air,0.88,3,2
THY-0036,Pitot Tube,Avionics,High,ST Engineering Aerospace,Singapore,Sea,0.9,31,24
THY-0025,Nose Wheel Tire,Landing Gear,Medium,Meggitt PLC,UK,Sea,0.85,17,22
THY-0019,Hydraulic Hose Assembly,Hydraulics,High,Collins Aerospace,USA,Air,0.93,8,8
THY-0019,Hydraulic Hose Assembly,Hydraulics,High,Liebherr Aerospace,Germany,Air,0.92,7,6
THY-0054,Oil Pressure Sensor,Engine Parts,High,TEI Tusas Engine Industries,Turkey,Road,0.89,5,5
THY-0045,Static Inverter,Electrical,High,Collins Aerospace,USA,Sea,0.93,28,27
THY-0056,Passenger Seat Belt,Cabin Interior,Medium,AeroParts Global,China,Sea,0.72,30,28
THY-0014,Cotter Pin Pack,Consumables,Medium,Kale Aero,Turkey,Air,0.83,2,2
THY-0021,Pressure Transducer,Hydraulics,High,Nabtesco Aerospace,Japan,Air,0.94,8,9
THY-0029,Torque Link Pin,Landing Gear,High,Alp Aviation,Turkey,Road,0.86,3,5
THY-0026,Brake Assembly,Landing Gear,High,Meggitt PLC,UK,Air,0.85,3,4
THY-0007,Cabin Air Filter,Consumables,Low,Kale Aero,Turkey,Road,0.83,4,5
THY-0045,Static Inverter,Electrical,High,Meggitt PLC,UK,Air,0.85,7,6
THY-0024,Main Wheel Tire,Landing Gear,High,Alp Aviation,Turkey,Air,0.86,1,1
THY-0058,Passenger Oxygen Mask,Cabin Interior,Medium,Kale Aero,Turkey,Road,0.83,5,5
THY-0062,Lavatory Smoke Detector,Cabin Interior,High,Boeing Distribution Services,USA,Sea,0.9,39,39
THY-0004,Grease Cartridge,Consumables,Low,Dubai Aerospace Parts,UAE,Air,0.78,5,6
THY-0033,Weather Radar Antenna,Avionics,Medium,Collins Aerospace,USA,Sea,0.93,38,38
THY-0007,Cabin Air Filter,Consumables,Low,Boeing Distribution Services,USA,Sea,0.9,38,42
THY-0004,Grease Cartridge,Consumables,Low,AeroParts Global,China,Sea,0.72,41,51
THY-0040,Main Battery Pack,Electrical,Medium,AeroParts Global,China,Sea,0.72,40,38
THY-0008,Fuel Filter Element,Consumables,Medium,AeroParts Global,China,Air,0.72,12,17
THY-0025,Nose Wheel Tire,Landing Gear,Medium,Liebherr Aerospace,Germany,Air,0.92,3,1
THY-0059,Galley Latch,Cabin Interior,Low,Dubai Aerospace Parts,UAE,Air,0.78,6,8
THY-0029,Torque Link Pin,Landing Gear,High,Liebherr Aerospace,Germany,Sea,0.92,20,19
THY-0016,Hydraulic Pump Assembly,Hydraulics,Medium,Safran Aerosystems,France,Sea,0.91,16,13
THY-0039,FDR Battery Pack,Avionics,High,ST Engineering Aerospace,Singapore,Air,0.9,11,11
THY-0047,Position Light Assembly,Electrical,Medium,Meggitt PLC,UK,Sea,0.85,18,20
THY-0044,Circuit Breaker (25A),Electrical,Medium,Meggitt PLC,UK,Sea,0.85,15,17
THY-0047,Position Light Assembly,Electrical,Medium,AeroParts Global,China,Sea,0.72,42,55
THY-0053,Fan Blade Fairing,Engine Parts,High,Lufthansa Technik,Germany,Air,0.95,5,6
THY-0042,LED Landing Light,Electrical,Low,Collins Aerospace,USA,Sea,0.93,26,19
THY-0047,Position Light Assembly,Electrical,Medium,Collins Aerospace,USA,Sea,0.93,36,31
THY-0042,LED Landing Light,Electrical,Low,ST Engineering Aerospace,Singapore,Air,0.9,9,10
THY-0033,Weather Radar Antenna,Avionics,Medium,ST Engineering Aerospace,Singapore,Air,0.9,6,8
THY-0011,Sealant Tube (PR-1440),Consumables,Low,Kale Aero,Turkey,Road,0.83,4,6
THY-0024,Main Wheel Tire,Landing Gear,High,Alp Aviation,Turkey,Air,0.86,1,2
THY-0011,Sealant Tube (PR-1440),Consumables,Low,Kale Aero,Turkey,Road,0.83,3,5
THY-0031,Axle Nut,Landing Gear,Medium,GKN Aerospace,UK,Air,0.87,7,6
THY-0012,Anti-Ice Fluid Drum,Consumables,Low,Alp Aviation,Turkey,Road,0.86,3,3
THY-0005,Safety Wire Spool,Consumables,Medium,Boeing Distribution Services,USA,Air,0.9,6,7
THY-0032,Transponder Unit,Avionics,Medium,ST Engineering Aerospace,Singapore,Sea,0.9,36,47
THY-0062,Lavatory Smoke Detector,Cabin Interior,High,AeroParts Global,China,Sea,0.72,36,42
THY-0055,Combustor Liner Panel,Engine Parts,High,Safran Aerosystems,France,Sea,0.91,17,14
THY-0019,Hydraulic Hose Assembly,Hydraulics,High,Safran Aerosystems,France,Sea,0.91,13,10
THY-0027,Carbon Brake Disc,Landing Gear,Medium,Meggitt PLC,UK,Air,0.85,5,5
THY-0028,Shock Strut Seal Kit,Landing Gear,Medium,Alp Aviation,Turkey,Air,0.86,2,3
THY-0050,HPT Turbine Blade,Engine Parts,High,GKN Aerospace,UK,Air,0.87,3,4
THY-0029,Torque Link Pin,Landing Gear,High,Meggitt PLC,UK,Air,0.85,6,7
THY-0058,Passenger Oxygen Mask,Cabin Interior,Medium,Kale Aero,Turkey,Road,0.83,5,5
THY-0063,Emergency Flashlight,Cabin Interior,High,Boeing Distribution Services,USA,Air,0.9,10,11
THY-0020,Servo Control Valve,Hydraulics,High,Liebherr Aerospace,Germany,Sea,0.92,12,11
THY-0009,Oil Filter Element,Consumables,Low,Kale Aero,Turkey,Air,0.83,3,4
THY-0062,Lavatory Smoke Detector,Cabin Interior,High,AeroParts Global,China,Air,0.72,11,13
THY-0036,Pitot Tube,Avionics,High,Collins Aerospace,USA,Air,0.93,6,6
THY-0053,Fan Blade Fairing,Engine Parts,High,Safran Aerosystems,France,Air,0.91,4,6
THY-0011,Sealant Tube (PR-1440),Consumables,Low,Alp Aviation,Turkey,Air,0.86,1,1
THY-0058,Passenger Oxygen Mask,Cabin Interior,Medium,Kale Aero,Turkey,Road,0.83,5,7
THY-0055,Combustor Liner Panel,Engine Parts,High,TEI Tusas Engine Industries,Turkey,Road,0.89,3,4
THY-0003,Turbine Engine Oil,Consumables,High,Alp Aviation,Turkey,Road,0.86,4,4
THY-0021,Pressure Transducer,Hydraulics,High,Liebherr Aerospace,Germany,Air,0.92,5,4
THY-0017,Flap Actuator,Hydraulics,High,Collins Aerospace,USA,Sea,0.93,39,49
THY-0022,Landing Gear Selector Valve,Hydraulics,Medium,Liebherr Aerospace,Germany,Air,0.92,6,7
THY-0017,Flap Actuator,Hydraulics,High,Collins Aerospace,USA,Sea,0.93,29,31
THY-0030,Wheel Bearing Set,Landing Gear,High,Alp Aviation,Turkey,Road,0.86,4,2
THY-0043,Wiring Harness Kit,Electrical,High,AeroParts Global,China,Air,0.72,6,9
THY-0011,Sealant Tube (PR-1440),Consumables,Low,Boeing Distribution Services,USA,Air,0.9,6,8
THY-0024,Main Wheel Tire,Landing Gear,High,Alp Aviation,Turkey,Road,0.86,3,3
THY-0044,Circuit Breaker (25A),Electrical,Medium,Meggitt PLC,UK,Sea,0.85,16,18
THY-0001,O-Ring Seal Kit,Consumables,Low,Kale Aero,Turkey,Road,0.83,2,1
THY-0018,Hydraulic Accumulator,Hydraulics,High,Collins Aerospace,USA,Sea,0.93,30,26
THY-0018,Hydraulic Accumulator,Hydraulics,High,Collins Aerospace,USA,Sea,0.93,25,27
THY-0023,Reservoir Cap Assembly,Hydraulics,Medium,Nabtesco Aerospace,Japan,Air,0.94,8,8
THY-0036,Pitot Tube,Avionics,High,ST Engineering Aerospace,Singapore,Sea,0.9,35,32
THY-0017,Flap Actuator,Hydraulics,High,Safran Aerosystems,France,Air,0.91,4,4
THY-0050,HPT Turbine Blade,Engine Parts,High,TEI Tusas Engine Industries,Turkey,Road,0.89,2,2
THY-0016,Hydraulic Pump Assembly,Hydraulics,Medium,Safran Aerosystems,France,Air,0.91,4,3
THY-0007,Cabin Air Filter,Consumables,Low,AeroParts Global,China,Air,0.72,10,11
THY-0030,Wheel Bearing Set,Landing Gear,High,Liebherr Aerospace,Germany,Sea,0.92,20,21
THY-0059,Galley Latch,Cabin Interior,Low,Kale Aero,Turkey,Road,0.83,2,2
THY-0025,Nose Wheel Tire,Landing Gear,Medium,Alp Aviation,Turkey,Road,0.86,4,4
THY-0054,Oil Pressure Sensor,Engine Parts,High,GKN Aerospace,UK,Air,0.87,3,4
THY-0008,Fuel Filter Element,Consumables,Medium,AeroParts Global,China,Air,0.72,9,11
THY-0023,Reservoir Cap Assembly,Hydraulics,Medium,Liebherr Aerospace,Germany,Air,0.92,4,4
THY-0003,Turbine Engine Oil,Consumables,High,Kale Aero,Turkey,Air,0.83,2,2
THY-0039,FDR Battery Pack,Avionics,High,Collins Aerospace,USA,Sea,0.93,26,37
THY-0055,Combustor Liner Panel,Engine Parts,High,GKN Aerospace,UK,Air,0.87,8,8
THY-0041,AC Generator,Electrical,Medium,AeroParts Global,China,Air,0.72,7,9
THY-0012,Anti-Ice Fluid Drum,Consumables,Low,AeroParts Global,China,Sea,0.72,39,43
THY-0051,Starter Motor,Engine Parts,Medium,Safran Aerosystems,France,Air,0.91,6,6
THY-0024,Main Wheel Tire,Landing Gear,High,GKN Aerospace,UK,Air,0.87,5,6
THY-0040,Main Battery Pack,Electrical,Medium,AeroParts Global,China,Air,0.72,11,13
THY-0006,Rivet Pack (100pc),Consumables,Medium,Kale Aero,Turkey,Air,0.83,2,2
THY-0034,VHF Radio Unit,Avionics,Medium,ST Engineering Aerospace,Singapore,Air,0.9,8,8
THY-0031,Axle Nut,Landing Gear,Medium,GKN Aerospace,UK,Air,0.87,6,7
THY-0049,Fuel Nozzle,Engine Parts,High,Safran Aerosystems,France,Sea,0.91,19,24
THY-0016,Hydraulic Pump Assembly,Hydraulics,Medium,Collins Aerospace,USA,Air,0.93,9,11
THY-0002,Hydraulic Fluid (Skydrol LD-4),Consumables,Low,Dubai Aerospace Parts,UAE,Sea,0.78,17,19
THY-0020,Servo Control Valve,Hydraulics,High,Collins Aerospace,USA,Sea,0.93,33,29
THY-0023,Reservoir Cap Assembly,Hydraulics,Medium,Liebherr Aerospace,Germany,Air,0.92,6,6
THY-0042,LED Landing Light,Electrical,Low,Collins Aerospace,USA,Sea,0.93,25,36
THY-0046,Relay Module,Electrical,High,AeroParts Global,China,Air,0.72,6,7
THY-0037,Static Port Sensor,Avionics,Medium,ST Engineering Aerospace,Singapore,Air,0.9,9,9
THY-0024,Main Wheel Tire,Landing Gear,High,Alp Aviation,Turkey,Road,0.86,5,4
THY-0044,Circuit Breaker (25A),Electrical,Medium,AeroParts Global,China,Sea,0.72,31,25
THY-0050,HPT Turbine Blade,Engine Parts,High,GKN Aerospace,UK,Air,0.87,5,5
THY-0043,Wiring Harness Kit,Electrical,High,Collins Aerospace,USA,Air,0.93,7,7
THY-0001,O-Ring Seal Kit,Consumables,Low,Dubai Aerospace Parts,UAE,Air,0.78,5,6
THY-0002,Hydraulic Fluid (Skydrol LD-4),Consumables,Low,Dubai Aerospace Parts,UAE,Air,0.78,4,5
THY-0054,Oil Pressure Sensor,Engine Parts,High,TEI Tusas Engine Industries,Turkey,Road,0.89,4,5
THY-0011,Sealant Tube (PR-1440),Consumables,Low,Dubai Aerospace Parts,UAE,Sea,0.78,10,12
THY-0003,Turbine Engine Oil,Consumables,High,Kale Aero,Turkey,Road,0.83,5,5
THY-0029,Torque Link Pin,Landing Gear,High,Liebherr Aerospace,Germany,Air,0.92,5,4
THY-0005,Safety Wire Spool,Consumables,Medium,Boeing Distribution Services,USA,Air,0.9,5,6
THY-0056,Passenger Seat Belt,Cabin Interior,Medium,Dubai Aerospace Parts,UAE,Air,0.78,6,7
THY-0050,HPT Turbine Blade,Engine Parts,High,Safran Aerosystems,France,Air,0.91,6,5
THY-0023,Reservoir Cap Assembly,Hydraulics,Medium,Collins Aerospace,USA,Sea,0.93,37,33
THY-0004,Grease Cartridge,Consumables,Low,Boeing Distribution Services,USA,Air,0.9,6,6
THY-0011,Sealant Tube (PR-1440),Consumables,Low,Dubai Aerospace Parts,UAE,Air,0.78,3,3
THY-0021,Pressure Transducer,Hydraulics,High,Collins Aerospace,USA,Air,0.93,6,7
THY-0054,Oil Pressure Sensor,Engine Parts,High,TEI Tusas Engine Industries,Turkey,Road,0.89,3,2
THY-0022,Landing Gear Selector Valve,Hydraulics,Medium,Collins Aerospace,USA,Air,0.93,5,5
THY-0022,Landing Gear Selector Valve,Hydraulics,Medium,Safran Aerosystems,France,Air,0.91,3,1
THY-0063,Emergency Flashlight,Cabin Interior,High,Dubai Aerospace Parts,UAE,Air,0.78,3,4
THY-0040,Main Battery Pack,Electrical,Medium,ST Engineering Aerospace,Singapore,Air,0.9,9,8
THY-0013,Bolt Kit (AN-Series),Consumables,Low,Boeing Distribution Services,USA,Air,0.9,8,11
THY-0019,Hydraulic Hose Assembly,Hydraulics,High,Liebherr Aerospace,Germany,Sea,0.92,18,10
THY-0058,Passenger Oxygen Mask,Cabin Interior,Medium,AeroParts Global,China,Air,0.72,7,9
THY-0059,Galley Latch,Cabin Interior,Low,Kale Aero,Turkey,Road,0.83,2,3
THY-0047,Position Light Assembly,Electrical,Medium,AeroParts Global,China,Sea,0.72,38,53
THY-0062,Lavatory Smoke Detector,Cabin Interior,High,AeroParts Global,China,Air,0.72,8,8
THY-0050,HPT Turbine Blade,Engine Parts,High,Lufthansa Technik,Germany,Air,0.95,7,6
THY-0048,Igniter Plug,Engine Parts,High,TEI Tusas Engine Industries,Turkey,Road,0.89,2,1
THY-0028,Shock Strut Seal Kit,Landing Gear,Medium,Alp Aviation,Turkey,Road,0.86,2,5
THY-0011,Sealant Tube (PR-1440),Consumables,Low,Kale Aero,Turkey,Road,0.83,3,4
THY-0018,Hydraulic Accumulator,Hydraulics,High,Collins Aerospace,USA,Sea,0.93,32,19
THY-0019,Hydraulic Hose Assembly,Hydraulics,High,Nabtesco Aerospace,Japan,Air,0.94,6,4
THY-0060,Reading Light Assembly,Cabin Interior,Medium,Dubai Aerospace Parts,UAE,Air,0.78,3,5
THY-0040,Main Battery Pack,Electrical,Medium,Collins Aerospace,USA,Air,0.93,5,5
THY-0004,Grease Cartridge,Consumables,Low,AeroParts Global,China,Sea,0.72,40,58
THY-0045,Static Inverter,Electrical,High,Collins Aerospace,USA,Air,0.93,9,8
THY-0047,Position Light Assembly,Electrical,Medium,Meggitt PLC,UK,Air,0.85,3,3
THY-0045,Static Inverter,Electrical,High,ST Engineering Aerospace,Singapore,Air,0.9,8,8
THY-0048,Igniter Plug,Engine Parts,High,GKN Aerospace,UK,Air,0.87,7,5
THY-0023,Reservoir Cap Assembly,Hydraulics,Medium,Nabtesco Aerospace,Japan,Air,0.94,6,6
THY-0045,Static Inverter,Electrical,High,ST Engineering Aerospace,Singapore,Sea,0.9,34,36
THY-0001,O-Ring Seal Kit,Consumables,Low,Dubai Aerospace Parts,UAE,Air,0.78,6,7
THY-0049,Fuel Nozzle,Engine Parts,High,GKN Aerospace,UK,Sea,0.87,20,26
THY-0039,FDR Battery Pack,Avionics,High,Thales Avionics,France,Sea,0.88,19,15
THY-0059,Galley Latch,Cabin Interior,Low,Dubai Aerospace Parts,UAE,Sea,0.78,16,20
THY-0003,Turbine Engine Oil,Consumables,High,Dubai Aerospace Parts,UAE,Air,0.78,4,4
THY-0028,Shock Strut Seal Kit,Landing Gear,Medium,GKN Aerospace,UK,Air,0.87,7,7
THY-0031,Axle Nut,Landing Gear,Medium,Alp Aviation,Turkey,Road,0.86,4,3
THY-0032,Transponder Unit,Avionics,Medium,Collins Aerospace,USA,Sea,0.93,25,24
THY-0019,Hydraulic Hose Assembly,Hydraulics,High,Collins Aerospace,USA,Sea,0.93,28,22
THY-0021,Pressure Transducer,Hydraulics,High,Safran Aerosystems,France,Air,0.91,3,3
THY-0060,Reading Light Assembly,Cabin Interior,Medium,Kale Aero,Turkey,Air,0.83,3,4
THY-0024,Main Wheel Tire,Landing Gear,High,Meggitt PLC,UK,Air,0.85,8,9
THY-0059,Galley Latch,Cabin Interior,Low,Kale Aero,Turkey,Road,0.83,3,4
THY-0046,Relay Module,Electrical,High,Meggitt PLC,UK,Sea,0.85,18,18
THY-0037,Static Port Sensor,Avionics,Medium,Collins Aerospace,USA,Sea,0.93,39,40
THY-0043,Wiring Harness Kit,Electrical,High,Collins Aerospace,USA,Air,0.93,10,10
THY-0001,O-Ring Seal Kit,Consumables,Low,Kale Aero,Turkey,Air,0.83,2,2
THY-0012,Anti-Ice Fluid Drum,Consumables,Low,Kale Aero,Turkey,Road,0.83,5,6
THY-0044,Circuit Breaker (25A),Electrical,Medium,ST Engineering Aerospace,Singapore,Air,0.9,8,10
THY-0062,Lavatory Smoke Detector,Cabin Interior,High,AeroParts Global,China,Air,0.72,8,8
THY-0008,Fuel Filter Element,Consumables,Medium,Dubai Aerospace Parts,UAE,Air,0.78,4,6
THY-0036,Pitot Tube,Avionics,High,Collins Aerospace,USA,Sea,0.93,31,23
THY-0005,Safety Wire Spool,Consumables,Medium,Kale Aero,Turkey,Road,0.83,4,4
THY-0042,LED Landing Light,Electrical,Low,AeroParts Global,China,Sea,0.72,42,47
THY-0036,Pitot Tube,Avionics,High,Collins Aerospace,USA,Air,0.93,7,8
THY-0019,Hydraulic Hose Assembly,Hydraulics,High,Liebherr Aerospace,Germany,Air,0.92,5,5
THY-0033,Weather Radar Antenna,Avionics,Medium,Collins Aerospace,USA,Air,0.93,5,4
THY-0029,Torque Link Pin,Landing Gear,High,Meggitt PLC,UK,Air,0.85,6,6
THY-0049,Fuel Nozzle,Engine Parts,High,Lufthansa Technik,Germany,Sea,0.95,12,10
THY-0010,Wiper Blade,Consumables,Low,Boeing Distribution Services,USA,Air,0.9,10,11
THY-0035,Navigation Display,Avionics,High,ST Engineering Aerospace,Singapore,Air,0.9,7,7
THY-0030,Wheel Bearing Set,Landing Gear,High,Liebherr Aerospace,Germany,Air,0.92,3,2
THY-0046,Relay Module,Electrical,High,AeroParts Global,China,Sea,0.72,36,47
THY-0036,Pitot Tube,Avionics,High,Thales Avionics,France,Sea,0.88,15,17
THY-0056,Passenger Seat Belt,Cabin Interior,Medium,AeroParts Global,China,Air,0.72,12,16
THY-0049,Fuel Nozzle,Engine Parts,High,TEI Tusas Engine Industries,Turkey,Road,0.89,5,6
THY-0030,Wheel Bearing Set,Landing Gear,High,Liebherr Aerospace,Germany,Sea,0.92,14,11
THY-0026,Brake Assembly,Landing Gear,High,Alp Aviation,Turkey,Road,0.86,4,7
THY-0029,Torque Link Pin,Landing Gear,High,Meggitt PLC,UK,Sea,0.85,18,17
THY-0063,Emergency Flashlight,Cabin Interior,High,Boeing Distribution Services,USA,Sea,0.9,37,50
THY-0063,Emergency Flashlight,Cabin Interior,High,Boeing Distribution Services,USA,Sea,0.9,39,39
THY-0015,Adhesive Film Roll,Consumables,Medium,Alp Aviation,Turkey,Road,0.86,4,5
THY-0052,Bleed Air Valve,Engine Parts,High,Safran Aerosystems,France,Sea,0.91,16,17
THY-0049,Fuel Nozzle,Engine Parts,High,TEI Tusas Engine Industries,Turkey,Road,0.89,3,4
THY-0049,Fuel Nozzle,Engine Parts,High,Lufthansa Technik,Germany,Air,0.95,5,5
THY-0037,Static Port Sensor,Avionics,Medium,ST Engineering Aerospace,Singapore,Sea,0.9,29,31
THY-0025,Nose Wheel Tire,Landing Gear,Medium,Alp Aviation,Turkey,Road,0.86,2,3
THY-0056,Passenger Seat Belt,Cabin Interior,Medium,Kale Aero,Turkey,Air,0.83,2,1
THY-0048,Igniter Plug,Engine Parts,High,Lufthansa Technik,Germany,Air,0.95,4,4
THY-0057,Life Vest,Cabin Interior,Medium,Kale Aero,Turkey,Road,0.83,5,5
THY-0020,Servo Control Valve,Hydraulics,High,Collins Aerospace,USA,Air,0.93,5,5
THY-0002,Hydraulic Fluid (Skydrol LD-4),Consumables,Low,AeroParts Global,China,Air,0.72,10,11
THY-0009,Oil Filter Element,Consumables,Low,Alp Aviation,Turkey,Air,0.86,3,4
THY-0050,HPT Turbine Blade,Engine Parts,High,Lufthansa Technik,Germany,Air,0.95,6,8
THY-0022,Landing Gear Selector Valve,Hydraulics,Medium,Liebherr Aerospace,Germany,Air,0.92,4,4
THY-0016,Hydraulic Pump Assembly,Hydraulics,Medium,Collins Aerospace,USA,Air,0.93,9,8
THY-0050,HPT Turbine Blade,Engine Parts,High,GKN Aerospace,UK,Sea,0.87,21,23
THY-0009,Oil Filter Element,Consumables,Low,Alp Aviation,Turkey,Air,0.86,3,3
THY-0048,Igniter Plug,Engine Parts,High,GKN Aerospace,UK,Air,0.87,4,6
THY-0052,Bleed Air Valve,Engine Parts,High,TEI Tusas Engine Industries,Turkey,Road,0.89,3,3
THY-0056,Passenger Seat Belt,Cabin Interior,Medium,Dubai Aerospace Parts,UAE,Sea,0.78,11,14
THY-0008,Fuel Filter Element,Consumables,Medium,Boeing Distribution Services,USA,Air,0.9,10,10
THY-0018,Hydraulic Accumulator,Hydraulics,High,Collins Aerospace,USA,Air,0.93,6,6
THY-0003,Turbine Engine Oil,Consumables,High,Kale Aero,Turkey,Road,0.83,2,3
THY-0042,LED Landing Light,Electrical,Low,ST Engineering Aerospace,Singapore,Air,0.9,9,8
THY-0045,Static Inverter,Electrical,High,ST Engineering Aerospace,Singapore,Sea,0.9,28,20
THY-0022,Landing Gear Selector Valve,Hydraulics,Medium,Liebherr Aerospace,Germany,Air,0.92,4,4
THY-0062,Lavatory Smoke Detector,Cabin Interior,High,Dubai Aerospace Parts,UAE,Air,0.78,6,8
THY-0022,Landing Gear Selector Valve,Hydraulics,Medium,Liebherr Aerospace,Germany,Air,0.92,3,3
THY-0051,Starter Motor,Engine Parts,Medium,TEI Tusas Engine Industries,Turkey,Road,0.89,4,4
THY-0030,Wheel Bearing Set,Landing Gear,High,Liebherr Aerospace,Germany,Sea,0.92,16,13
THY-0005,Safety Wire Spool,Consumables,Medium,Kale Aero,Turkey,Road,0.83,2,1
THY-0059,Galley Latch,Cabin Interior,Low,Dubai Aerospace Parts,UAE,Air,0.78,3,5
THY-0056,Passenger Seat Belt,Cabin Interior,Medium,AeroParts Global,China,Sea,0.72,45,60
THY-0012,Anti-Ice Fluid Drum,Consumables,Low,Dubai Aerospace Parts,UAE,Sea,0.78,17,19
THY-0051,Starter Motor,Engine Parts,Medium,TEI Tusas Engine Industries,Turkey,Road,0.89,4,3
THY-0016,Hydraulic Pump Assembly,Hydraulics,Medium,Nabtesco Aerospace,Japan,Air,0.94,9,11
THY-0034,VHF Radio Unit,Avionics,Medium,ST Engineering Aerospace,Singapore,Air,0.9,11,14
THY-0052,Bleed Air Valve,Engine Parts,High,TEI Tusas Engine Industries,Turkey,Road,0.89,3,2
THY-0034,VHF Radio Unit,Avionics,Medium,ST Engineering Aerospace,Singapore,Sea,0.9,34,40
THY-0042,LED Landing Light,Electrical,Low,ST Engineering Aerospace,Singapore,Air,0.9,9,9
THY-0036,Pitot Tube,Avionics,High,Collins Aerospace,USA,Air,0.93,7,7
THY-0005,Safety Wire Spool,Consumables,Medium,Boeing Distribution Services,USA,Sea,0.9,30,36
THY-0056,Passenger Seat Belt,Cabin Interior,Medium,Dubai Aerospace Parts,UAE,Air,0.78,4,5
THY-0033,Weather Radar Antenna,Avionics,Medium,Thales Avionics,France,Sea,0.88,19,23
THY-0050,HPT Turbine Blade,Engine Parts,High,Lufthansa Technik,Germany,Sea,0.95,12,13
THY-0030,Wheel Bearing Set,Landing Gear,High,Meggitt PLC,UK,Air,0.85,8,7
THY-0047,Position Light Assembly,Electrical,Medium,ST Engineering Aerospace,Singapore,Air,0.9,11,13
THY-0025,Nose Wheel Tire,Landing Gear,Medium,Alp Aviation,Turkey,Air,0.86,1,2
THY-0054,Oil Pressure Sensor,Engine Parts,High,TEI Tusas Engine Industries,Turkey,Air,0.89,3,2
THY-0053,Fan Blade Fairing,Engine Parts,High,GKN Aerospace,UK,Air,0.87,4,6
THY-0033,Weather Radar Antenna,Avionics,Medium,Thales Avionics,France,Air,0.88,6,5
THY-0021,Pressure Transducer,Hydraulics,High,Safran Aerosystems,France,Air,0.91,7,7
THY-0025,Nose Wheel Tire,Landing Gear,Medium,Meggitt PLC,UK,Sea,0.85,13,20
THY-0039,FDR Battery Pack,Avionics,High,Thales Avionics,France,Air,0.88,5,7
THY-0026,Brake Assembly,Landing Gear,High,Liebherr Aerospace,Germany,Sea,0.92,19,21
THY-0034,VHF Radio Unit,Avionics,Medium,Collins Aerospace,USA,Air,0.93,6,6
THY-0037,Static Port Sensor,Avionics,Medium,ST Engineering Aerospace,Singapore,Sea,0.9,28,27
THY-0052,Bleed Air Valve,Engine Parts,High,Lufthansa Technik,Germany,Air,0.95,3,4
THY-0025,Nose Wheel Tire,Landing Gear,Medium,Alp Aviation,Turkey,Road,0.86,4,5
THY-0027,Carbon Brake Disc,Landing Gear,Medium,Meggitt PLC,UK,Air,0.85,6,6
THY-0057,Life Vest,Cabin Interior,Medium,Boeing Distribution Services,USA,Air,0.9,9,9
THY-0044,Circuit Breaker (25A),Electrical,Medium,AeroParts Global,China,Air,0.72,12,14
THY-0003,Turbine Engine Oil,Consumables,High,Kale Aero,Turkey,Road,0.83,3,4
THY-0030,Wheel Bearing Set,Landing Gear,High,Meggitt PLC,UK,Sea,0.85,18,23
THY-0047,Position Light Assembly,Electrical,Medium,AeroParts Global,China,Sea,0.72,29,34
THY-0050,HPT Turbine Blade,Engine Parts,High,TEI Tusas Engine Industries,Turkey,Road,0.89,3,2
THY-0002,Hydraulic Fluid (Skydrol LD-4),Consumables,Low,Boeing Distribution Services,USA,Air,0.9,6,7
THY-0006,Rivet Pack (100pc),Consumables,Medium,Boeing Distribution Services,USA,Air,0.9,9,9
THY-0023,Reservoir Cap Assembly,Hydraulics,Medium,Collins Aerospace,USA,Air,0.93,6,6
THY-0036,Pitot Tube,Avionics,High,Collins Aerospace,USA,Air,0.93,5,5
THY-0033,Weather Radar Antenna,Avionics,Medium,Collins Aerospace,USA,Sea,0.93,30,32
THY-0016,Hydraulic Pump Assembly,Hydraulics,Medium,Safran Aerosystems,France,Air,0.91,7,10
THY-0005,Safety Wire Spool,Consumables,Medium,Dubai Aerospace Parts,UAE,Sea,0.78,11,12
THY-0051,Starter Motor,Engine Parts,Medium,Safran Aerosystems,France,Sea,0.91,20,20
THY-0036,Pitot Tube,Avionics,High,Collins Aerospace,USA,Air,0.93,6,5
THY-0020,Servo Control Valve,Hydraulics,High,Safran Aerosystems,France,Air,0.91,5,5
THY-0037,Static Port Sensor,Avionics,Medium,Collins Aerospace,USA,Air,0.93,9,11
THY-0015,Adhesive Film Roll,Consumables,Medium,Boeing Distribution Services,USA,Air,0.9,9,9
THY-0021,Pressure Transducer,Hydraulics,High,Safran Aerosystems,France,Sea,0.91,14,10
THY-0019,Hydraulic Hose Assembly,Hydraulics,High,Liebherr Aerospace,Germany,Sea,0.92,16,18
THY-0053,Fan Blade Fairing,Engine Parts,High,Lufthansa Technik,Germany,Air,0.95,7,9
THY-0013,Bolt Kit (AN-Series),Consumables,Low,Boeing Distribution Services,USA,Sea,0.9,29,34
THY-0018,Hydraulic Accumulator,Hydraulics,High,Collins Aerospace,USA,Air,0.93,10,9
THY-0011,Sealant Tube (PR-1440),Consumables,Low,Dubai Aerospace Parts,UAE,Air,0.78,4,5
THY-0035,Navigation Display,Avionics,High,Collins Aerospace,USA,Air,0.93,10,10
THY-0005,Safety Wire Spool,Consumables,Medium,Alp Aviation,Turkey,Air,0.86,2,3
THY-0018,Hydraulic Accumulator,Hydraulics,High,Nabtesco Aerospace,Japan,Sea,0.94,29,28
THY-0018,Hydraulic Accumulator,Hydraulics,High,Collins Aerospace,USA,Air,0.93,5,4
THY-0056,Passenger Seat Belt,Cabin Interior,Medium,Dubai Aerospace Parts,UAE,Air,0.78,6,6
THY-0039,FDR Battery Pack,Avionics,High,Thales Avionics,France,Sea,0.88,13,13
THY-0034,VHF Radio Unit,Avionics,Medium,Collins Aerospace,USA,Air,0.93,6,8
THY-0012,Anti-Ice Fluid Drum,Consumables,Low,Alp Aviation,Turkey,Road,0.86,4,6
THY-0052,Bleed Air Valve,Engine Parts,High,TEI Tusas Engine Industries,Turkey,Air,0.89,2,1
THY-0001,O-Ring Seal Kit,Consumables,Low,AeroParts Global,China,Air,0.72,7,8
THY-0034,VHF Radio Unit,Avionics,Medium,Collins Aerospace,USA,Sea,0.93,27,24
THY-0007,Cabin Air Filter,Consumables,Low,Dubai Aerospace Parts,UAE,Air,0.78,4,3
THY-0028,Shock Strut Seal Kit,Landing Gear,Medium,Meggitt PLC,UK,Air,0.85,8,11
THY-0010,Wiper Blade,Consumables,Low,Kale Aero,Turkey,Road,0.83,2,1
THY-0050,HPT Turbine Blade,Engine Parts,High,Safran Aerosystems,France,Air,0.91,3,4
THY-0028,Shock Strut Seal Kit,Landing Gear,Medium,Meggitt PLC,UK,Sea,0.85,13,21
THY-0028,Shock Strut Seal Kit,Landing Gear,Medium,Liebherr Aerospace,Germany,Air,0.92,7,6
THY-0017,Flap Actuator,Hydraulics,High,Safran Aerosystems,France,Air,0.91,5,5
THY-0031,Axle Nut,Landing Gear,Medium,Meggitt PLC,UK,Air,0.85,4,4
THY-0049,Fuel Nozzle,Engine Parts,High,GKN Aerospace,UK,Air,0.87,7,7
THY-0039,FDR Battery Pack,Avionics,High,ST Engineering Aerospace,Singapore,Sea,0.9,31,31
THY-0018,Hydraulic Accumulator,Hydraulics,High,Nabtesco Aerospace,Japan,Air,0.94,8,10
THY-0055,Combustor Liner Panel,Engine Parts,High,TEI Tusas Engine Industries,Turkey,Road,0.89,2,3
THY-0001,O-Ring Seal Kit,Consumables,Low,Boeing Distribution Services,USA,Sea,0.9,37,34
THY-0031,Axle Nut,Landing Gear,Medium,Meggitt PLC,UK,Air,0.85,3,4
THY-0001,O-Ring Seal Kit,Consumables,Low,Boeing Distribution Services,USA,Sea,0.9,26,27
THY-0026,Brake Assembly,Landing Gear,High,GKN Aerospace,UK,Sea,0.87,13,13
THY-0050,HPT Turbine Blade,Engine Parts,High,Lufthansa Technik,Germany,Air,0.95,6,7
THY-0024,Main Wheel Tire,Landing Gear,High,Meggitt PLC,UK,Air,0.85,8,8
THY-0013,Bolt Kit (AN-Series),Consumables,Low,Dubai Aerospace Parts,UAE,Air,0.78,3,2
THY-0042,LED Landing Light,Electrical,Low,Collins Aerospace,USA,Air,0.93,8,6
THY-0035,Navigation Display,Avionics,High,Collins Aerospace,USA,Air,0.93,8,9
THY-0043,Wiring Harness Kit,Electrical,High,Meggitt PLC,UK,Air,0.85,8,7
THY-0023,Reservoir Cap Assembly,Hydraulics,Medium,Liebherr Aerospace,Germany,Air,0.92,3,4
THY-0049,Fuel Nozzle,Engine Parts,High,Lufthansa Technik,Germany,Air,0.95,4,3
THY-0014,Cotter Pin Pack,Consumables,Medium,AeroParts Global,China,Air,0.72,8,12
THY-0024,Main Wheel Tire,Landing Gear,High,Alp Aviation,Turkey,Air,0.86,3,4
THY-0062,Lavatory Smoke Detector,Cabin Interior,High,AeroParts Global,China,Air,0.72,9,11
THY-0038,Radio Altimeter,Avionics,High,Collins Aerospace,USA,Air,0.93,9,9
THY-0027,Carbon Brake Disc,Landing Gear,Medium,Alp Aviation,Turkey,Road,0.86,5,5
THY-0022,Landing Gear Selector Valve,Hydraulics,Medium,Collins Aerospace,USA,Sea,0.93,38,49
THY-0046,Relay Module,Electrical,High,ST Engineering Aerospace,Singapore,Air,0.9,10,10
THY-0041,AC Generator,Electrical,Medium,Meggitt PLC,UK,Sea,0.85,18,22
THY-0011,Sealant Tube (PR-1440),Consumables,Low,Kale Aero,Turkey,Road,0.83,4,5
THY-0009,Oil Filter Element,Consumables,Low,Dubai Aerospace Parts,UAE,Air,0.78,5,7
THY-0037,Static Port Sensor,Avionics,Medium,Thales Avionics,France,Air,0.88,6,7
THY-0013,Bolt Kit (AN-Series),Consumables,Low,Dubai Aerospace Parts,UAE,Sea,0.78,14,16
THY-0023,Reservoir Cap Assembly,Hydraulics,Medium,Liebherr Aerospace,Germany,Sea,0.92,13,14
THY-0058,Passenger Oxygen Mask,Cabin Interior,Medium,Boeing Distribution Services,USA,Air,0.9,5,5
THY-0007,Cabin Air Filter,Consumables,Low,Boeing Distribution Services,USA,Air,0.9,6,7
THY-0016,Hydraulic Pump Assembly,Hydraulics,Medium,Safran Aerosystems,France,Air,0.91,4,3
THY-0006,Rivet Pack (100pc),Consumables,Medium,Boeing Distribution Services,USA,Air,0.9,7,8
THY-0018,Hydraulic Accumulator,Hydraulics,High,Safran Aerosystems,France,Sea,0.91,17,14
THY-0055,Combustor Liner Panel,Engine Parts,High,Lufthansa Technik,Germany,Air,0.95,6,5
THY-0046,Relay Module,Electrical,High,Collins Aerospace,USA,Air,0.93,10,12
THY-0063,Emergency Flashlight,Cabin Interior,High,Dubai Aerospace Parts,UAE,Sea,0.78,16,16
THY-0037,Static Port Sensor,Avionics,Medium,Thales Avionics,France,Sea,0.88,17,17
THY-0023,Reservoir Cap Assembly,Hydraulics,Medium,Nabtesco Aerospace,Japan,Air,0.94,8,8
THY-0014,Cotter Pin Pack,Consumables,Medium,Boeing Distribution Services,USA,Air,0.9,8,9
THY-0030,Wheel Bearing Set,Landing Gear,High,Liebherr Aerospace,Germany,Sea,0.92,17,16
THY-0046,Relay Module,Electrical,High,Meggitt PLC,UK,Air,0.85,8,8
THY-0036,Pitot Tube,Avionics,High,Collins Aerospace,USA,Sea,0.93,35,32
THY-0056,Passenger Seat Belt,Cabin Interior,Medium,Boeing Distribution Services,USA,Air,0.9,10,11
THY-0052,Bleed Air Valve,Engine Parts,High,Lufthansa Technik,Germany,Sea,0.95,14,12
THY-0044,Circuit Breaker (25A),Electrical,Medium,Meggitt PLC,UK,Sea,0.85,19,24
THY-0061,Tray Table Arm,Cabin Interior,Low,AeroParts Global,China,Sea,0.72,44,68
THY-0019,Hydraulic Hose Assembly,Hydraulics,High,Safran Aerosystems,France,Air,0.91,6,7
THY-0038,Radio Altimeter,Avionics,High,ST Engineering Aerospace,Singapore,Air,0.9,8,10
THY-0051,Starter Motor,Engine Parts,Medium,TEI Tusas Engine Industries,Turkey,Road,0.89,5,5
THY-0015,Adhesive Film Roll,Consumables,Medium,Alp Aviation,Turkey,Road,0.86,3,4
THY-0005,Safety Wire Spool,Consumables,Medium,Boeing Distribution Services,USA,Air,0.9,5,6
THY-0037,Static Port Sensor,Avionics,Medium,ST Engineering Aerospace,Singapore,Air,0.9,9,9
THY-0011,Sealant Tube (PR-1440),Consumables,Low,Boeing Distribution Services,USA,Air,0.9,10,13
THY-0002,Hydraulic Fluid (Skydrol LD-4),Consumables,Low,Alp Aviation,Turkey,Air,0.86,3,4
THY-0005,Safety Wire Spool,Consumables,Medium,Kale Aero,Turkey,Road,0.83,3,5
THY-0034,VHF Radio Unit,Avionics,Medium,Collins Aerospace,USA,Air,0.93,6,4
THY-0011,Sealant Tube (PR-1440),Consumables,Low,Dubai Aerospace Parts,UAE,Air,0.78,6,8
THY-0044,Circuit Breaker (25A),Electrical,Medium,AeroParts Global,China,Air,0.72,6,6
THY-0056,Passenger Seat Belt,Cabin Interior,Medium,Dubai Aerospace Parts,UAE,Air,0.78,4,5
THY-0031,Axle Nut,Landing Gear,Medium,Liebherr Aerospace,Germany,Air,0.92,6,7
THY-0043,Wiring Harness Kit,Electrical,High,Meggitt PLC,UK,Air,0.85,4,3
THY-0033,Weather Radar Antenna,Avionics,Medium,Collins Aerospace,USA,Air,0.93,9,7
THY-0016,Hydraulic Pump Assembly,Hydraulics,Medium,Safran Aerosystems,France,Sea,0.91,19,22
THY-0042,LED Landing Light,Electrical,Low,Meggitt PLC,UK,Sea,0.85,22,22
THY-0026,Brake Assembly,Landing Gear,High,Alp Aviation,Turkey,Road,0.86,2,1
THY-0062,Lavatory Smoke Detector,Cabin Interior,High,Dubai Aerospace Parts,UAE,Sea,0.78,16,20
THY-0017,Flap Actuator,Hydraulics,High,Collins Aerospace,USA,Sea,0.93,32,29
THY-0038,Radio Altimeter,Avionics,High,ST Engineering Aerospace,Singapore,Air,0.9,9,9
THY-0033,Weather Radar Antenna,Avionics,Medium,Collins Aerospace,USA,Air,0.93,8,9
THY-0063,Emergency Flashlight,Cabin Interior,High,Kale Aero,Turkey,Road,0.83,3,3
THY-0022,Landing Gear Selector Valve,Hydraulics,Medium,Liebherr Aerospace,Germany,Air,0.92,7,7
THY-0041,AC Generator,Electrical,Medium,ST Engineering Aerospace,Singapore,Sea,0.9,33,39
THY-0020,Servo Control Valve,Hydraulics,High,Liebherr Aerospace,Germany,Sea,0.92,19,26
THY-0034,VHF Radio Unit,Avionics,Medium,Thales Avionics,France,Sea,0.88,17,20
THY-0041,AC Generator,Electrical,Medium,AeroParts Global,China,Air,0.72,12,15
THY-0050,HPT Turbine Blade,Engine Parts,High,TEI Tusas Engine Industries,Turkey,Air,0.89,2,2
THY-0045,Static Inverter,Electrical,High,Collins Aerospace,USA,Sea,0.93,35,44
THY-0004,Grease Cartridge,Consumables,Low,AeroParts Global,China,Sea,0.72,41,47
THY-0049,Fuel Nozzle,Engine Parts,High,GKN Aerospace,UK,Air,0.87,5,5
THY-0062,Lavatory Smoke Detector,Cabin Interior,High,Dubai Aerospace Parts,UAE,Air,0.78,5,6
THY-0007,Cabin Air Filter,Consumables,Low,Kale Aero,Turkey,Road,0.83,3,4
THY-0014,Cotter Pin Pack,Consumables,Medium,Alp Aviation,Turkey,Road,0.86,3,3
THY-0052,Bleed Air Valve,Engine Parts,High,GKN Aerospace,UK,Air,0.87,4,3
THY-0001,O-Ring Seal Kit,Consumables,Low,Dubai Aerospace Parts,UAE,Air,0.78,6,7
THY-0052,Bleed Air Valve,Engine Parts,High,GKN Aerospace,UK,Air,0.87,5,5
THY-0007,Cabin Air Filter,Consumables,Low,Kale Aero,Turkey,Road,0.83,4,5
THY-0013,Bolt Kit (AN-Series),Consumables,Low,Alp Aviation,Turkey,Road,0.86,4,3
THY-0020,Servo Control Valve,Hydraulics,High,Safran Aerosystems,France,Air,0.91,4,3
THY-0021,Pressure Transducer,Hydraulics,High,Collins Aerospace,USA,Air,0.93,10,10
THY-0039,FDR Battery Pack,Avionics,High,ST Engineering Aerospace,Singapore,Sea,0.9,29,24
THY-0026,Brake Assembly,Landing Gear,High,GKN Aerospace,UK,Sea,0.87,18,21
THY-0018,Hydraulic Accumulator,Hydraulics,High,Liebherr Aerospace,Germany,Air,0.92,5,6
THY-0044,Circuit Breaker (25A),Electrical,Medium,ST Engineering Aerospace,Singapore,Air,0.9,10,10
THY-0005,Safety Wire Spool,Consumables,Medium,Boeing Distribution Services,USA,Air,0.9,5,5
THY-0008,Fuel Filter Element,Consumables,Medium,Boeing Distribution Services,USA,Sea,0.9,33,33
THY-0047,Position Light Assembly,Electrical,Medium,ST Engineering Aerospace,Singapore,Air,0.9,6,6
THY-0017,Flap Actuator,Hydraulics,High,Liebherr Aerospace,Germany,Sea,0.92,15,13
THY-0038,Radio Altimeter,Avionics,High,ST Engineering Aerospace,Singapore,Sea,0.9,36,40
THY-0058,Passenger Oxygen Mask,Cabin Interior,Medium,Kale Aero,Turkey,Road,0.83,5,5
THY-0055,Combustor Liner Panel,Engine Parts,High,GKN Aerospace,UK,Sea,0.87,22,18
THY-0059,Galley Latch,Cabin Interior,Low,Dubai Aerospace Parts,UAE,Air,0.78,3,4
THY-0007,Cabin Air Filter,Consumables,Low,Boeing Distribution Services,USA,Sea,0.9,37,43
THY-0011,Sealant Tube (PR-1440),Consumables,Low,Dubai Aerospace Parts,UAE,Air,0.78,4,4
THY-0057,Life Vest,Cabin Interior,Medium,AeroParts Global,China,Air,0.72,12,16
THY-0011,Sealant Tube (PR-1440),Consumables,Low,AeroParts Global,China,Air,0.72,6,8
THY-0009,Oil Filter Element,Consumables,Low,Alp Aviation,Turkey,Air,0.86,1,1
THY-0043,Wiring Harness Kit,Electrical,High,Collins Aerospace,USA,Air,0.93,9,8
THY-0014,Cotter Pin Pack,Consumables,Medium,Dubai Aerospace Parts,UAE,Air,0.78,4,4
THY-0032,Transponder Unit,Avionics,Medium,Thales Avionics,France,Air,0.88,6,6
THY-0001,O-Ring Seal Kit,Consumables,Low,Kale Aero,Turkey,Road,0.83,3,3
THY-0025,Nose Wheel Tire,Landing Gear,Medium,GKN Aerospace,UK,Sea,0.87,17,16
THY-0050,HPT Turbine Blade,Engine Parts,High,TEI Tusas Engine Industries,Turkey,Road,0.89,3,3
THY-0019,Hydraulic Hose Assembly,Hydraulics,High,Safran Aerosystems,France,Air,0.91,3,4
THY-0032,Transponder Unit,Avionics,Medium,Thales Avionics,France,Sea,0.88,17,21
THY-0023,Reservoir Cap Assembly,Hydraulics,Medium,Safran Aerosystems,France,Sea,0.91,18,16
THY-0062,Lavatory Smoke Detector,Cabin Interior,High,Dubai Aerospace Parts,UAE,Sea,0.78,16,19
THY-0033,Weather Radar Antenna,Avionics,Medium,Thales Avionics,France,Sea,0.88,12,12
THY-0006,Rivet Pack (100pc),Consumables,Medium,Boeing Distribution Services,USA,Air,0.9,10,10
THY-0006,Rivet Pack (100pc),Consumables,Medium,Boeing Distribution Services,USA,Air,0.9,5,4
THY-0008,Fuel Filter Element,Consumables,Medium,Dubai Aerospace Parts,UAE,Air,0.78,5,7
THY-0053,Fan Blade Fairing,Engine Parts,High,Lufthansa Technik,Germany,Air,0.95,4,4
THY-0061,Tray Table Arm,Cabin Interior,Low,Dubai Aerospace Parts,UAE,Sea,0.78,10,14
THY-0013,Bolt Kit (AN-Series),Consumables,Low,Kale Aero,Turkey,Road,0.83,2,2
THY-0033,Weather Radar Antenna,Avionics,Medium,Thales Avionics,France,Air,0.88,6,6
THY-0059,Galley Latch,Cabin Interior,Low,Kale Aero,Turkey,Air,0.83,1,2
THY-0036,Pitot Tube,Avionics,High,Thales Avionics,France,Air,0.88,3,3
THY-0013,Bolt Kit (AN-Series),Consumables,Low,Dubai Aerospace Parts,UAE,Sea,0.78,12,15
THY-0035,Navigation Display,Avionics,High,Thales Avionics,France,Air,0.88,3,3
THY-0004,Grease Cartridge,Consumables,Low,Alp Aviation,Turkey,Air,0.86,3,5
THY-0014,Cotter Pin Pack,Consumables,Medium,Boeing Distribution Services,USA,Air,0.9,10,11
THY-0039,FDR Battery Pack,Avionics,High,ST Engineering Aerospace,Singapore,Air,0.9,11,14
THY-0032,Transponder Unit,Avionics,Medium,Collins Aerospace,USA,Air,0.93,7,6
THY-0037,Static Port Sensor,Avionics,Medium,Collins Aerospace,USA,Air,0.93,6,5
THY-0002,Hydraulic Fluid (Skydrol LD-4),Consumables,Low,Alp Aviation,Turkey,Air,0.86,3,4
THY-0056,Passenger Seat Belt,Cabin Interior,Medium,Dubai Aerospace Parts,UAE,Sea,0.78,14,17
THY-0003,Turbine Engine Oil,Consumables,High,Dubai Aerospace Parts,UAE,Air,0.78,6,8
THY-0049,Fuel Nozzle,Engine Parts,High,Lufthansa Technik,Germany,Air,0.95,3,3
THY-0054,Oil Pressure Sensor,Engine Parts,High,Lufthansa Technik,Germany,Sea,0.95,13,14
THY-0032,Transponder Unit,Avionics,Medium,Collins Aerospace,USA,Air,0.93,7,7
THY-0041,AC Generator,Electrical,Medium,AeroParts Global,China,Air,0.72,7,10
THY-0051,Starter Motor,Engine Parts,Medium,GKN Aerospace,UK,Sea,0.87,22,20
THY-0016,Hydraulic Pump Assembly,Hydraulics,Medium,Safran Aerosystems,France,Sea,0.91,19,21
THY-0010,Wiper Blade,Consumables,Low,AeroParts Global,China,Air,0.72,12,15
THY-0054,Oil Pressure Sensor,Engine Parts,High,GKN Aerospace,UK,Air,0.87,3,3
THY-0061,Tray Table Arm,Cabin Interior,Low,Boeing Distribution Services,USA,Sea,0.9,30,36
THY-0027,Carbon Brake Disc,Landing Gear,Medium,GKN Aerospace,UK,Air,0.87,3,4
THY-0050,HPT Turbine Blade,Engine Parts,High,GKN Aerospace,UK,Sea,0.87,20,19
THY-0047,Position Light Assembly,Electrical,Medium,Collins Aerospace,USA,Air,0.93,8,8
THY-0024,Main Wheel Tire,Landing Gear,High,GKN Aerospace,UK,Air,0.87,6,6
THY-0018,Hydraulic Accumulator,Hydraulics,High,Collins Aerospace,USA,Sea,0.93,38,41
THY-0019,Hydraulic Hose Assembly,Hydraulics,High,Collins Aerospace,USA,Air,0.93,10,8
THY-0022,Landing Gear Selector Valve,Hydraulics,Medium,Safran Aerosystems,France,Air,0.91,3,2
THY-0027,Carbon Brake Disc,Landing Gear,Medium,GKN Aerospace,UK,Sea,0.87,17,20
THY-0025,Nose Wheel Tire,Landing Gear,Medium,Alp Aviation,Turkey,Road,0.86,4,5
THY-0015,Adhesive Film Roll,Consumables,Medium,Kale Aero,Turkey,Road,0.83,3,4
THY-0013,Bolt Kit (AN-Series),Consumables,Low,Alp Aviation,Turkey,Road,0.86,2,3
THY-0045,Static Inverter,Electrical,High,AeroParts Global,China,Air,0.72,12,17
THY-0013,Bolt Kit (AN-Series),Consumables,Low,Dubai Aerospace Parts,UAE,Sea,0.78,11,18
THY-0036,Pitot Tube,Avionics,High,Collins Aerospace,USA,Air,0.93,6,7
THY-0020,Servo Control Valve,Hydraulics,High,Safran Aerosystems,France,Air,0.91,3,2
THY-0052,Bleed Air Valve,Engine Parts,High,Lufthansa Technik,Germany,Air,0.95,7,6
THY-0012,Anti-Ice Fluid Drum,Consumables,Low,AeroParts Global,China,Air,0.72,9,12
THY-0006,Rivet Pack (100pc),Consumables,Medium,Dubai Aerospace Parts,UAE,Sea,0.78,13,15
THY-0024,Main Wheel Tire,Landing Gear,High,Liebherr Aerospace,Germany,Air,0.92,3,2
THY-0055,Combustor Liner Panel,Engine Parts,High,TEI Tusas Engine Industries,Turkey,Road,0.89,3,3
THY-0048,Igniter Plug,Engine Parts,High,Safran Aerosystems,France,Air,0.91,5,4
THY-0015,Adhesive Film Roll,Consumables,Medium,Kale Aero,Turkey,Air,0.83,1,1
THY-0034,VHF Radio Unit,Avionics,Medium,Thales Avionics,France,Air,0.88,5,4
THY-0051,Starter Motor,Engine Parts,Medium,GKN Aerospace,UK,Sea,0.87,19,25
THY-0032,Transponder Unit,Avionics,Medium,Thales Avionics,France,Air,0.88,4,6
THY-0039,FDR Battery Pack,Avionics,High,Thales Avionics,France,Air,0.88,5,7
THY-0026,Brake Assembly,Landing Gear,High,Meggitt PLC,UK,Air,0.85,6,6
THY-0001,O-Ring Seal Kit,Consumables,Low,Kale Aero,Turkey,Air,0.83,2,3
THY-0011,Sealant Tube (PR-1440),Consumables,Low,Alp Aviation,Turkey,Road,0.86,4,5
THY-0025,Nose Wheel Tire,Landing Gear,Medium,Alp Aviation,Turkey,Road,0.86,5,5
THY-0050,HPT Turbine Blade,Engine Parts,High,TEI Tusas Engine Industries,Turkey,Road,0.89,5,5
THY-0029,Torque Link Pin,Landing Gear,High,GKN Aerospace,UK,Sea,0.87,19,17
THY-0037,Static Port Sensor,Avionics,Medium,ST Engineering Aerospace,Singapore,Air,0.9,8,8
THY-0049,Fuel Nozzle,Engine Parts,High,TEI Tusas Engine Industries,Turkey,Road,0.89,3,4
THY-0005,Safety Wire Spool,Consumables,Medium,Dubai Aerospace Parts,UAE,Sea,0.78,10,13
THY-0052,Bleed Air Valve,Engine Parts,High,Safran Aerosystems,France,Air,0.91,6,7
THY-0037,Static Port Sensor,Avionics,Medium,Thales Avionics,France,Air,0.88,3,4
THY-0052,Bleed Air Valve,Engine Parts,High,Lufthansa Technik,Germany,Sea,0.95,15,19
THY-0042,LED Landing Light,Electrical,Low,AeroParts Global,China,Sea,0.72,45,55
THY-0016,Hydraulic Pump Assembly,Hydraulics,Medium,Collins Aerospace,USA,Sea,0.93,35,47
THY-0034,VHF Radio Unit,Avionics,Medium,Collins Aerospace,USA,Air,0.93,5,5
THY-0038,Radio Altimeter,Avionics,High,Thales Avionics,France,Air,0.88,7,6
THY-0058,Passenger Oxygen Mask,Cabin Interior,Medium,Kale Aero,Turkey,Road,0.83,2,2
THY-0038,Radio Altimeter,Avionics,High,Thales Avionics,France,Air,0.88,7,6
THY-0040,Main Battery Pack,Electrical,Medium,Collins Aerospace,USA,Air,0.93,6,6
THY-0061,Tray Table Arm,Cabin Interior,Low,Boeing Distribution Services,USA,Air,0.9,8,9
THY-0033,Weather Radar Antenna,Avionics,Medium,Collins Aerospace,USA,Air,0.93,8,7
THY-0016,Hydraulic Pump Assembly,Hydraulics,Medium,Collins Aerospace,USA,Air,0.93,8,10
THY-0057,Life Vest,Cabin Interior,Medium,Boeing Distribution Services,USA,Sea,0.9,29,37
THY-0053,Fan Blade Fairing,Engine Parts,High,Lufthansa Technik,Germany,Air,0.95,6,5
THY-0013,Bolt Kit (AN-Series),Consumables,Low,Kale Aero,Turkey,Road,0.83,4,5
THY-0008,Fuel Filter Element,Consumables,Medium,Dubai Aerospace Parts,UAE,Air,0.78,4,6
THY-0057,Life Vest,Cabin Interior,Medium,Kale Aero,Turkey,Road,0.83,3,4
THY-0012,Anti-Ice Fluid Drum,Consumables,Low,Alp Aviation,Turkey,Air,0.86,3,4
THY-0059,Galley Latch,Cabin Interior,Low,AeroParts Global,China,Air,0.72,10,13
THY-0058,Passenger Oxygen Mask,Cabin Interior,Medium,Kale Aero,Turkey,Air,0.83,2,2
THY-0033,Weather Radar Antenna,Avionics,Medium,Thales Avionics,France,Air,0.88,4,4
THY-0009,Oil Filter Element,Consumables,Low,Alp Aviation,Turkey,Air,0.86,1,1
THY-0027,Carbon Brake Disc,Landing Gear,Medium,GKN Aerospace,UK,Air,0.87,5,4
THY-0004,Grease Cartridge,Consumables,Low,Kale Aero,Turkey,Air,0.83,2,2
THY-0025,Nose Wheel Tire,Landing Gear,Medium,Liebherr Aerospace,Germany,Air,0.92,6,7
THY-0013,Bolt Kit (AN-Series),Consumables,Low,Kale Aero,Turkey,Air,0.83,2,3
THY-0021,Pressure Transducer,Hydraulics,High,Safran Aerosystems,France,Air,0.91,5,6
THY-0050,HPT Turbine Blade,Engine Parts,High,GKN Aerospace,UK,Air,0.87,7,8
THY-0042,LED Landing Light,Electrical,Low,Meggitt PLC,UK,Air,0.85,4,6
THY-0005,Safety Wire Spool,Consumables,Medium,AeroParts Global,China,Sea,0.72,33,43
THY-0001,O-Ring Seal Kit,Consumables,Low,Kale Aero,Turkey,Road,0.83,2,3
THY-0062,Lavatory Smoke Detector,Cabin Interior,High,Kale Aero,Turkey,Road,0.83,5,5
THY-0029,Torque Link Pin,Landing Gear,High,Liebherr Aerospace,Germany,Air,0.92,5,5
THY-0052,Bleed Air Valve,Engine Parts,High,Safran Aerosystems,France,Sea,0.91,15,12
THY-0020,Servo Control Valve,Hydraulics,High,Collins Aerospace,USA,Air,0.93,7,7
THY-0005,Safety Wire Spool,Consumables,Medium,Alp Aviation,Turkey,Road,0.86,4,3
THY-0008,Fuel Filter Element,Consumables,Medium,Alp Aviation,Turkey,Road,0.86,4,6
THY-0026,Brake Assembly,Landing Gear,High,Meggitt PLC,UK,Air,0.85,3,5
THY-0048,Igniter Plug,Engine Parts,High,GKN Aerospace,UK,Air,0.87,4,3
THY-0041,AC Generator,Electrical,Medium,Collins Aerospace,USA,Air,0.93,8,6
THY-0060,Reading Light Assembly,Cabin Interior,Medium,AeroParts Global,China,Air,0.72,12,14
THY-0018,Hydraulic Accumulator,Hydraulics,High,Nabtesco Aerospace,Japan,Sea,0.94,30,27
THY-0010,Wiper Blade,Consumables,Low,Boeing Distribution Services,USA,Air,0.9,9,10
THY-0048,Igniter Plug,Engine Parts,High,Safran Aerosystems,France,Sea,0.91,20,17
THY-0052,Bleed Air Valve,Engine Parts,High,Safran Aerosystems,France,Air,0.91,6,6
THY-0010,Wiper Blade,Consumables,Low,Boeing Distribution Services,USA,Air,0.9,10,13
THY-0043,Wiring Harness Kit,Electrical,High,AeroParts Global,China,Air,0.72,9,11
THY-0049,Fuel Nozzle,Engine Parts,High,GKN Aerospace,UK,Sea,0.87,18,19
THY-0032,Transponder Unit,Avionics,Medium,Collins Aerospace,USA,Air,0.93,8,8
THY-0019,Hydraulic Hose Assembly,Hydraulics,High,Nabtesco Aerospace,Japan,Air,0.94,6,7
THY-0058,Passenger Oxygen Mask,Cabin Interior,Medium,Dubai Aerospace Parts,UAE,Air,0.78,4,4
THY-0033,Weather Radar Antenna,Avionics,Medium,Thales Avionics,France,Sea,0.88,17,19
THY-0028,Shock Strut Seal Kit,Landing Gear,Medium,Meggitt PLC,UK,Air,0.85,4,6
THY-0025,Nose Wheel Tire,Landing Gear,Medium,Meggitt PLC,UK,Sea,0.85,15,21
THY-0033,Weather Radar Antenna,Avionics,Medium,ST Engineering Aerospace,Singapore,Sea,0.9,36,56
THY-0054,Oil Pressure Sensor,Engine Parts,High,TEI Tusas Engine Industries,Turkey,Air,0.89,3,3
THY-0049,Fuel Nozzle,Engine Parts,High,Safran Aerosystems,France,Air,0.91,3,3
THY-0031,Axle Nut,Landing Gear,Medium,Liebherr Aerospace,Germany,Sea,0.92,16,16
THY-0032,Transponder Unit,Avionics,Medium,ST Engineering Aerospace,Singapore,Air,0.9,11,11
THY-0018,Hydraulic Accumulator,Hydraulics,High,Nabtesco Aerospace,Japan,Air,0.94,11,8
THY-0042,LED Landing Light,Electrical,Low,Meggitt PLC,UK,Air,0.85,5,6
THY-0029,Torque Link Pin,Landing Gear,High,Meggitt PLC,UK,Sea,0.85,13,14
THY-0055,Combustor Liner Panel,Engine Parts,High,Safran Aerosystems,France,Sea,0.91,17,19
THY-0054,Oil Pressure Sensor,Engine Parts,High,Safran Aerosystems,France,Air,0.91,7,5
THY-0045,Static Inverter,Electrical,High,AeroParts Global,China,Air,0.72,9,11
THY-0003,Turbine Engine Oil,Consumables,High,Boeing Distribution Services,USA,Air,0.9,7,8
THY-0063,Emergency Flashlight,Cabin Interior,High,Dubai Aerospace Parts,UAE,Sea,0.78,16,15
THY-0037,Static Port Sensor,Avionics,Medium,Thales Avionics,France,Air,0.88,6,6
THY-0031,Axle Nut,Landing Gear,Medium,Liebherr Aerospace,Germany,Air,0.92,7,6
THY-0056,Passenger Seat Belt,Cabin Interior,Medium,Kale Aero,Turkey,Road,0.83,2,4
THY-0028,Shock Strut Seal Kit,Landing Gear,Medium,Liebherr Aerospace,Germany,Air,0.92,3,3
THY-0036,Pitot Tube,Avionics,High,Thales Avionics,France,Air,0.88,5,5
THY-0006,Rivet Pack (100pc),Consumables,Medium,Boeing Distribution Services,USA,Sea,0.9,37,39
THY-0029,Torque Link Pin,Landing Gear,High,Alp Aviation,Turkey,Road,0.86,5,5
THY-0042,LED Landing Light,Electrical,Low,Meggitt PLC,UK,Air,0.85,5,6
THY-0054,Oil Pressure Sensor,Engine Parts,High,GKN Aerospace,UK,Air,0.87,8,8
THY-0059,Galley Latch,Cabin Interior,Low,Kale Aero,Turkey,Road,0.83,5,4
THY-0060,Reading Light Assembly,Cabin Interior,Medium,Boeing Distribution Services,USA,Air,0.9,6,7
THY-0006,Rivet Pack (100pc),Consumables,Medium,Dubai Aerospace Parts,UAE,Air,0.78,3,3
THY-0048,Igniter Plug,Engine Parts,High,GKN Aerospace,UK,Air,0.87,8,7
THY-0060,Reading Light Assembly,Cabin Interior,Medium,Dubai Aerospace Parts,UAE,Air,0.78,6,8
THY-0041,AC Generator,Electrical,Medium,ST Engineering Aerospace,Singapore,Sea,0.9,39,39
THY-0009,Oil Filter Element,Consumables,Low,Dubai Aerospace Parts,UAE,Air,0.78,3,4
THY-0011,Sealant Tube (PR-1440),Consumables,Low,AeroParts Global,China,Sea,0.72,36,51
THY-0009,Oil Filter Element,Consumables,Low,Dubai Aerospace Parts,UAE,Air,0.78,4,5
THY-0010,Wiper Blade,Consumables,Low,AeroParts Global,China,Air,0.72,12,17
THY-0011,Sealant Tube (PR-1440),Consumables,Low,Alp Aviation,Turkey,Air,0.86,2,3
THY-0009,Oil Filter Element,Consumables,Low,Alp Aviation,Turkey,Road,0.86,3,3
THY-0047,Position Light Assembly,Electrical,Medium,AeroParts Global,China,Sea,0.72,29,32
THY-0011,Sealant Tube (PR-1440),Consumables,Low,Dubai Aerospace Parts,UAE,Air,0.78,3,2
THY-0025,Nose Wheel Tire,Landing Gear,Medium,Meggitt PLC,UK,Air,0.85,7,6
THY-0046,Relay Module,Electrical,High,Collins Aerospace,USA,Air,0.93,10,10
THY-0021,Pressure Transducer,Hydraulics,High,Nabtesco Aerospace,Japan,Sea,0.94,32,36
THY-0051,Starter Motor,Engine Parts,Medium,Lufthansa Technik,Germany,Sea,0.95,14,13
THY-0047,Position Light Assembly,Electrical,Medium,AeroParts Global,China,Air,0.72,9,12
THY-0004,Grease Cartridge,Consumables,Low,AeroParts Global,China,Sea,0.72,44,60
THY-0051,Starter Motor,Engine Parts,Medium,TEI Tusas Engine Industries,Turkey,Road,0.89,2,3
THY-0062,Lavatory Smoke Detector,Cabin Interior,High,AeroParts Global,China,Sea,0.72,29,34
THY-0023,Reservoir Cap Assembly,Hydraulics,Medium,Nabtesco Aerospace,Japan,Air,0.94,6,6
THY-0029,Torque Link Pin,Landing Gear,High,Alp Aviation,Turkey,Road,0.86,3,2
THY-0020,Servo Control Valve,Hydraulics,High,Liebherr Aerospace,Germany,Sea,0.92,19,22
THY-0017,Flap Actuator,Hydraulics,High,Safran Aerosystems,France,Sea,0.91,15,17
THY-0009,Oil Filter Element,Consumables,Low,AeroParts Global,China,Air,0.72,10,15
THY-0061,Tray Table Arm,Cabin Interior,Low,Dubai Aerospace Parts,UAE,Air,0.78,6,8
THY-0056,Passenger Seat Belt,Cabin Interior,Medium,AeroParts Global,China,Air,0.72,11,14
THY-0012,Anti-Ice Fluid Drum,Consumables,Low,Alp Aviation,Turkey,Road,0.86,5,5
THY-0004,Grease Cartridge,Consumables,Low,Alp Aviation,Turkey,Road,0.86,4,4
THY-0027,Carbon Brake Disc,Landing Gear,Medium,Meggitt PLC,UK,Air,0.85,4,4
THY-0011,Sealant Tube (PR-1440),Consumables,Low,Kale Aero,Turkey,Road,0.83,5,6
THY-0009,Oil Filter Element,Consumables,Low,AeroParts Global,China,Air,0.72,9,12
THY-0031,Axle Nut,Landing Gear,Medium,Liebherr Aerospace,Germany,Air,0.92,6,8
THY-0043,Wiring Harness Kit,Electrical,High,Meggitt PLC,UK,Air,0.85,7,8
THY-0025,Nose Wheel Tire,Landing Gear,Medium,Liebherr Aerospace,Germany,Sea,0.92,14,19
THY-0052,Bleed Air Valve,Engine Parts,High,Lufthansa Technik,Germany,Air,0.95,5,4
THY-0015,Adhesive Film Roll,Consumables,Medium,Kale Aero,Turkey,Air,0.83,2,3
THY-0034,VHF Radio Unit,Avionics,Medium,Collins Aerospace,USA,Air,0.93,8,6
THY-0023,Reservoir Cap Assembly,Hydraulics,Medium,Collins Aerospace,USA,Air,0.93,10,9
THY-0009,Oil Filter Element,Consumables,Low,Kale Aero,Turkey,Road,0.83,5,5
THY-0018,Hydraulic Accumulator,Hydraulics,High,Liebherr Aerospace,Germany,Sea,0.92,20,23
THY-0026,Brake Assembly,Landing Gear,High,GKN Aerospace,UK,Sea,0.87,20,25
THY-0040,Main Battery Pack,Electrical,Medium,Meggitt PLC,UK,Air,0.85,3,3
THY-0026,Brake Assembly,Landing Gear,High,Alp Aviation,Turkey,Air,0.86,1,1
THY-0028,Shock Strut Seal Kit,Landing Gear,Medium,Alp Aviation,Turkey,Road,0.86,4,5
THY-0057,Life Vest,Cabin Interior,Medium,AeroParts Global,China,Air,0.72,8,11
THY-0060,Reading Light Assembly,Cabin Interior,Medium,Boeing Distribution Services,USA,Sea,0.9,28,31
THY-0038,Radio Altimeter,Avionics,High,ST Engineering Aerospace,Singapore,Sea,0.9,41,44
THY-0046,Relay Module,Electrical,High,ST Engineering Aerospace,Singapore,Air,0.9,11,13
THY-0015,Adhesive Film Roll,Consumables,Medium,Boeing Distribution Services,USA,Sea,0.9,31,39
THY-0028,Shock Strut Seal Kit,Landing Gear,Medium,Meggitt PLC,UK,Air,0.85,6,7
THY-0042,LED Landing Light,Electrical,Low,AeroParts Global,China,Sea,0.72,39,55
THY-0055,Combustor Liner Panel,Engine Parts,High,Lufthansa Technik,Germany,Air,0.95,6,7
THY-0009,Oil Filter Element,Consumables,Low,AeroParts Global,China,Air,0.72,6,7
THY-0061,Tray Table Arm,Cabin Interior,Low,Dubai Aerospace Parts,UAE,Air,0.78,3,3
THY-0006,Rivet Pack (100pc),Consumables,Medium,Alp Aviation,Turkey,Road,0.86,2,2
THY-0017,Flap Actuator,Hydraulics,High,Safran Aerosystems,France,Air,0.91,5,5
THY-0015,Adhesive Film Roll,Consumables,Medium,Boeing Distribution Services,USA,Air,0.9,6,7
THY-0035,Navigation Display,Avionics,High,Collins Aerospace,USA,Air,0.93,5,6
THY-0060,Reading Light Assembly,Cabin Interior,Medium,AeroParts Global,China,Air,0.72,12,17
THY-0060,Reading Light Assembly,Cabin Interior,Medium,Boeing Distribution Services,USA,Air,0.9,7,8
THY-0058,Passenger Oxygen Mask,Cabin Interior,Medium,Boeing Distribution Services,USA,Air,0.9,8,8
THY-0012,Anti-Ice Fluid Drum,Consumables,Low,AeroParts Global,China,Sea,0.72,30,33
THY-0039,FDR Battery Pack,Avionics,High,Thales Avionics,France,Air,0.88,4,5
THY-0034,VHF Radio Unit,Avionics,Medium,Collins Aerospace,USA,Sea,0.93,34,27
THY-0027,Carbon Brake Disc,Landing Gear,Medium,Alp Aviation,Turkey,Road,0.86,3,4
THY-0045,Static Inverter,Electrical,High,AeroParts Global,China,Air,0.72,7,8
THY-0051,Starter Motor,Engine Parts,Medium,GKN Aerospace,UK,Sea,0.87,16,17
THY-0032,Transponder Unit,Avionics,Medium,Thales Avionics,France,Sea,0.88,15,17
THY-0028,Shock Strut Seal Kit,Landing Gear,Medium,GKN Aerospace,UK,Air,0.87,5,6
THY-0028,Shock Strut Seal Kit,Landing Gear,Medium,Meggitt PLC,UK,Air,0.85,8,10
THY-0024,Main Wheel Tire,Landing Gear,High,Alp Aviation,Turkey,Air,0.86,2,2
THY-0040,Main Battery Pack,Electrical,Medium,Collins Aerospace,USA,Sea,0.93,32,38
THY-0003,Turbine Engine Oil,Consumables,High,AeroParts Global,China,Air,0.72,12,15
THY-0055,Combustor Liner Panel,Engine Parts,High,TEI Tusas Engine Industries,Turkey,Road,0.89,5,6
THY-0007,Cabin Air Filter,Consumables,Low,Kale Aero,Turkey,Road,0.83,4,6
THY-0042,LED Landing Light,Electrical,Low,Meggitt PLC,UK,Air,0.85,4,5
THY-0005,Safety Wire Spool,Consumables,Medium,Dubai Aerospace Parts,UAE,Air,0.78,6,8
THY-0029,Torque Link Pin,Landing Gear,High,Alp Aviation,Turkey,Road,0.86,2,2
THY-0014,Cotter Pin Pack,Consumables,Medium,Kale Aero,Turkey,Road,0.83,3,3
THY-0005,Safety Wire Spool,Consumables,Medium,AeroParts Global,China,Sea,0.72,42,58
THY-0013,Bolt Kit (AN-Series),Consumables,Low,AeroParts Global,China,Air,0.72,12,16
THY-0034,VHF Radio Unit,Avionics,Medium,Collins Aerospace,USA,Sea,0.93,39,41
THY-0005,Safety Wire Spool,Consumables,Medium,Kale Aero,Turkey,Air,0.83,3,3
THY-0011,Sealant Tube (PR-1440),Consumables,Low,Boeing Distribution Services,USA,Air,0.9,9,12
THY-0044,Circuit Breaker (25A),Electrical,Medium,ST Engineering Aerospace,Singapore,Air,0.9,7,8
THY-0028,Shock Strut Seal Kit,Landing Gear,Medium,GKN Aerospace,UK,Air,0.87,4,4
THY-0029,Torque Link Pin,Landing Gear,High,Alp Aviation,Turkey,Air,0.86,2,2
THY-0048,Igniter Plug,Engine Parts,High,Lufthansa Technik,Germany,Air,0.95,5,3
THY-0026,Brake Assembly,Landing Gear,High,GKN Aerospace,UK,Air,0.87,5,5
THY-0036,Pitot Tube,Avionics,High,Thales Avionics,France,Sea,0.88,13,13
THY-0063,Emergency Flashlight,Cabin Interior,High,Kale Aero,Turkey,Road,0.83,4,5
THY-0047,Position Light Assembly,Electrical,Medium,Collins Aerospace,USA,Sea,0.93,28,26
THY-0062,Lavatory Smoke Detector,Cabin Interior,High,Kale Aero,Turkey,Road,0.83,5,5
THY-0019,Hydraulic Hose Assembly,Hydraulics,High,Nabtesco Aerospace,Japan,Air,0.94,6,6
THY-0013,Bolt Kit (AN-Series),Consumables,Low,Dubai Aerospace Parts,UAE,Sea,0.78,17,24
