product_id,product_name,category,criticality,snapshot_date,stock_quantity,avg_daily_usage,usage_trend_pct,days_until_stockout
THY-0001,O-Ring Seal Kit,Consumables,Low,2025-12-08,84,3.89,0.0,19
THY-0001,O-Ring Seal Kit,Consumables,Low,2025-12-22,26,4.15,6.8,6
THY-0001,O-Ring Seal Kit,Consumables,Low,2026-01-05,148,4.73,14.0,44
THY-0001,O-Ring Seal Kit,Consumables,Low,2026-01-19,89,4.24,-10.3,26
THY-0001,O-Ring Seal Kit,Consumables,Low,2026-02-02,40,3.52,-17.0,14
THY-0001,O-Ring Seal Kit,Consumables,Low,2026-02-16,197,3.48,-1.2,55
THY-0001,O-Ring Seal Kit,Consumables,Low,2026-03-02,164,2.4,-31.1,48
THY-0001,O-Ring Seal Kit,Consumables,Low,2026-03-16,116,3.37,40.7,29
THY-0001,O-Ring Seal Kit,Consumables,Low,2026-03-30,65,3.68,9.0,17
THY-0001,O-Ring Seal Kit,Consumables,Low,2026-04-13,0,4.64,26.0,0
THY-0001,O-Ring Seal Kit,Consumables,Low,2026-04-27,47,4.23,-8.7,10
THY-0001,O-Ring Seal Kit,Consumables,Low,2026-05-11,104,3.96,-6.4,31
THY-0001,O-Ring Seal Kit,Consumables,Low,2026-05-25,53,3.65,-7.8,16
THY-0001,O-Ring Seal Kit,Consumables,Low,2026-06-08,125,3.09,-15.2,42
THY-0001,O-Ring Seal Kit,Consumables,Low,2026-06-22,92,2.37,-23.5,33
THY-0002,Hydraulic Fluid (Skydrol LD-4),Consumables,Low,2025-12-08,42,5.51,0.0,7
THY-0002,Hydraulic Fluid (Skydrol LD-4),Consumables,Low,2025-12-22,191,5.51,0.1,31
THY-0002,Hydraulic Fluid (Skydrol LD-4),Consumables,Low,2026-01-05,113,5.58,1.2,24
THY-0002,Hydraulic Fluid (Skydrol LD-4),Consumables,Low,2026-01-19,305,4.7,-15.7,70
THY-0002,Hydraulic Fluid (Skydrol LD-4),Consumables,Low,2026-02-02,243,4.4,-6.4,58
THY-0002,Hydraulic Fluid (Skydrol LD-4),Consumables,Low,2026-02-16,184,4.19,-4.8,42
THY-0002,Hydraulic Fluid (Skydrol LD-4),Consumables,Low,2026-03-02,132,3.74,-10.8,31
THY-0002,Hydraulic Fluid (Skydrol LD-4),Consumables,Low,2026-03-16,77,3.93,5.1,18
THY-0002,Hydraulic Fluid (Skydrol LD-4),Consumables,Low,2026-03-30,262,5.41,37.6,47
THY-0002,Hydraulic Fluid (Skydrol LD-4),Consumables,Low,2026-04-13,185,5.52,2.2,29
THY-0002,Hydraulic Fluid (Skydrol LD-4),Consumables,Low,2026-04-27,105,5.67,2.6,20
THY-0002,Hydraulic Fluid (Skydrol LD-4),Consumables,Low,2026-05-11,26,5.64,-0.4,4
THY-0002,Hydraulic Fluid (Skydrol LD-4),Consumables,Low,2026-05-25,144,5.24,-7.1,36
THY-0002,Hydraulic Fluid (Skydrol LD-4),Consumables,Low,2026-06-08,83,4.39,-16.2,19
THY-0002,Hydraulic Fluid (Skydrol LD-4),Consumables,Low,2026-06-22,196,3.42,-22.2,43
THY-0002,Hydraulic Fluid (Skydrol LD-4),Consumables,Low,2026-07-06,147,3.5,2.6,33
THY-0003,Turbine Engine Oil,Consumables,High,2025-12-08,157,5.85,0.0,24
THY-0003,Turbine Engine Oil,Consumables,High,2025-12-22,64,6.62,13.3,8
THY-0003,Turbine Engine Oil,Consumables,High,2026-01-05,300,8.14,23.0,52
THY-0003,Turbine Engine Oil,Consumables,High,2026-01-19,211,6.4,-21.5,43
THY-0003,Turbine Engine Oil,Consumables,High,2026-02-02,134,5.48,-14.4,28
THY-0003,Turbine Engine Oil,Consumables,High,2026-02-16,62,5.19,-5.2,16
THY-0003,Turbine Engine Oil,Consumables,High,2026-03-02,305,4.57,-12.1,50
THY-0003,Turbine Engine Oil,Consumables,High,2026-03-16,231,5.24,14.7,39
THY-0003,Turbine Engine Oil,Consumables,High,2026-03-30,148,5.95,13.6,25
THY-0003,Turbine Engine Oil,Consumables,High,2026-04-13,305,6.96,17.0,41
THY-0003,Turbine Engine Oil,Consumables,High,2026-04-27,207,7.0,0.5,29
THY-0003,Turbine Engine Oil,Consumables,High,2026-05-11,111,6.91,-1.3,18
THY-0003,Turbine Engine Oil,Consumables,High,2026-05-25,266,6.3,-8.8,49
THY-0003,Turbine Engine Oil,Consumables,High,2026-06-08,186,5.69,-9.7,39
THY-0003,Turbine Engine Oil,Consumables,High,2026-06-22,123,4.55,-20.0,26
THY-0003,Turbine Engine Oil,Consumables,High,2026-07-06,310,4.75,4.4,45
THY-0004,Grease Cartridge,Consumables,Low,2025-12-08,195,6.27,0.0,28
THY-0004,Grease Cartridge,Consumables,Low,2025-12-22,112,5.98,-4.6,20
THY-0004,Grease Cartridge,Consumables,Low,2026-01-05,28,5.96,-0.3,4
THY-0004,Grease Cartridge,Consumables,Low,2026-01-19,193,6.32,6.0,45
THY-0004,Grease Cartridge,Consumables,Low,2026-02-02,115,5.6,-11.5,24
THY-0004,Grease Cartridge,Consumables,Low,2026-02-16,268,4.65,-17.0,52
THY-0004,Grease Cartridge,Consumables,Low,2026-03-02,205,4.5,-3.2,41
THY-0004,Grease Cartridge,Consumables,Low,2026-03-16,142,4.5,0.0,27
THY-0004,Grease Cartridge,Consumables,Low,2026-03-30,71,5.13,14.0,13
THY-0004,Grease Cartridge,Consumables,Low,2026-04-13,218,5.94,15.8,34
THY-0004,Grease Cartridge,Consumables,Low,2026-04-27,114,7.4,24.6,18
THY-0004,Grease Cartridge,Consumables,Low,2026-05-11,241,6.26,-15.5,47
THY-0004,Grease Cartridge,Consumables,Low,2026-05-25,161,5.69,-9.1,40
THY-0004,Grease Cartridge,Consumables,Low,2026-06-08,92,4.9,-13.8,21
THY-0004,Grease Cartridge,Consumables,Low,2026-06-22,275,3.68,-24.8,49
THY-0004,Grease Cartridge,Consumables,Low,2026-07-06,218,4.06,10.2,40
THY-0005,Safety Wire Spool,Consumables,Medium,2025-12-08,34,4.53,0.0,8
THY-0005,Safety Wire Spool,Consumables,Medium,2025-12-22,86,4.53,0.1,18
THY-0005,Safety Wire Spool,Consumables,Medium,2026-01-05,149,5.18,14.4,43
THY-0005,Safety Wire Spool,Consumables,Medium,2026-01-19,87,4.42,-14.7,25
THY-0005,Safety Wire Spool,Consumables,Medium,2026-02-02,189,3.6,-18.6,58
THY-0005,Safety Wire Spool,Consumables,Medium,2026-02-16,144,3.21,-10.8,50
THY-0005,Safety Wire Spool,Consumables,Medium,2026-03-02,106,2.68,-16.6,33
THY-0005,Safety Wire Spool,Consumables,Medium,2026-03-16,57,3.53,31.8,14
THY-0005,Safety Wire Spool,Consumables,Medium,2026-03-30,173,3.84,8.8,37
THY-0005,Safety Wire Spool,Consumables,Medium,2026-04-13,112,4.36,13.6,25
THY-0005,Safety Wire Spool,Consumables,Medium,2026-04-27,46,4.73,8.4,10
THY-0005,Safety Wire Spool,Consumables,Medium,2026-05-11,170,4.79,1.3,46
THY-0005,Safety Wire Spool,Consumables,Medium,2026-05-25,114,4.03,-15.8,37
THY-0005,Safety Wire Spool,Consumables,Medium,2026-06-08,63,3.63,-9.9,24
THY-0005,Safety Wire Spool,Consumables,Medium,2026-06-22,14,3.47,-4.5,6
THY-0005,Safety Wire Spool,Consumables,Medium,2026-07-06,88,2.89,-16.6,26
THY-0006,Rivet Pack (100pc),Consumables,Medium,2025-12-08,298,5.8,0.0,39
THY-0006,Rivet Pack (100pc),Consumables,Medium,2025-12-22,212,6.09,4.9,34
THY-0006,Rivet Pack (100pc),Consumables,Medium,2026-01-05,106,7.61,25.1,17
THY-0006,Rivet Pack (100pc),Consumables,Medium,2026-01-19,249,7.92,4.0,54
THY-0006,Rivet Pack (100pc),Consumables,Medium,2026-02-02,151,7.04,-11.1,35
THY-0006,Rivet Pack (100pc),Consumables,Medium,2026-02-16,80,5.07,-28.0,20
THY-0006,Rivet Pack (100pc),Consumables,Medium,2026-03-02,286,4.44,-12.4,46
THY-0006,Rivet Pack (100pc),Consumables,Medium,2026-03-16,212,5.31,19.7,33
THY-0006,Rivet Pack (100pc),Consumables,Medium,2026-03-30,131,5.76,8.3,16
THY-0006,Rivet Pack (100pc),Consumables,Medium,2026-04-13,26,7.54,31.0,5
THY-0006,Rivet Pack (100pc),Consumables,Medium,2026-04-27,241,6.97,-7.5,37
THY-0006,Rivet Pack (100pc),Consumables,Medium,2026-05-11,133,7.73,10.9,22
THY-0006,Rivet Pack (100pc),Consumables,Medium,2026-05-25,269,6.13,-20.7,58
THY-0006,Rivet Pack (100pc),Consumables,Medium,2026-06-08,192,5.49,-10.4,41
THY-0006,Rivet Pack (100pc),Consumables,Medium,2026-06-22,117,5.36,-2.5,26
THY-0007,Cabin Air Filter,Consumables,Low,2025-12-08,281,5.85,0.0,39
THY-0007,Cabin Air Filter,Consumables,Low,2025-12-22,206,5.37,-8.2,32
THY-0007,Cabin Air Filter,Consumables,Low,2026-01-05,113,6.67,24.1,20
THY-0007,Cabin Air Filter,Consumables,Low,2026-01-19,239,6.62,-0.7,52
THY-0007,Cabin Air Filter,Consumables,Low,2026-02-02,170,4.9,-26.0,40
THY-0007,Cabin Air Filter,Consumables,Low,2026-02-16,121,3.52,-28.2,29
THY-0007,Cabin Air Filter,Consumables,Low,2026-03-02,301,3.55,0.9,52
THY-0007,Cabin Air Filter,Consumables,Low,2026-03-16,233,4.82,35.8,41
THY-0007,Cabin Air Filter,Consumables,Low,2026-03-30,164,4.94,2.4,27
THY-0007,Cabin Air Filter,Consumables,Low,2026-04-13,90,5.32,7.7,14
THY-0007,Cabin Air Filter,Consumables,Low,2026-04-27,200,6.96,30.8,32
THY-0007,Cabin Air Filter,Consumables,Low,2026-05-11,104,6.88,-1.1,19
THY-0007,Cabin Air Filter,Consumables,Low,2026-05-25,254,6.11,-11.2,57
THY-0007,Cabin Air Filter,Consumables,Low,2026-06-08,179,5.32,-13.0,38
THY-0007,Cabin Air Filter,Consumables,Low,2026-06-22,123,4.04,-24.0,26
THY-0007,Cabin Air Filter,Consumables,Low,2026-07-06,365,4.37,8.1,57
THY-0008,Fuel Filter Element,Consumables,Medium,2025-12-08,127,2.84,0.0,40
THY-0008,Fuel Filter Element,Consumables,Medium,2025-12-22,82,3.22,13.6,24
THY-0008,Fuel Filter Element,Consumables,Medium,2026-01-05,44,2.74,-15.0,16
THY-0008,Fuel Filter Element,Consumables,Medium,2026-01-19,110,2.96,7.9,48
THY-0008,Fuel Filter Element,Consumables,Medium,2026-02-02,73,2.61,-11.9,34
THY-0008,Fuel Filter Element,Consumables,Medium,2026-02-16,43,2.21,-15.2,23
THY-0008,Fuel Filter Element,Consumables,Medium,2026-03-02,97,1.99,-10.0,37
THY-0008,Fuel Filter Element,Consumables,Medium,2026-03-16,64,2.38,19.9,24
THY-0008,Fuel Filter Element,Consumables,Medium,2026-03-30,22,2.95,24.0,7
THY-0008,Fuel Filter Element,Consumables,Medium,2026-04-13,57,3.07,3.9,17
THY-0008,Fuel Filter Element,Consumables,Medium,2026-04-27,86,3.55,15.8,29
THY-0008,Fuel Filter Element,Consumables,Medium,2026-05-11,34,3.77,6.1,11
THY-0008,Fuel Filter Element,Consumables,Medium,2026-05-25,131,3.11,-17.7,57
THY-0008,Fuel Filter Element,Consumables,Medium,2026-06-08,95,2.52,-18.8,47
THY-0008,Fuel Filter Element,Consumables,Medium,2026-06-22,69,1.9,-24.7,30
THY-0008,Fuel Filter Element,Consumables,Medium,2026-07-06,41,1.99,5.1,18
THY-0009,Oil Filter Element,Consumables,Low,2025-12-08,86,2.11,0.0,37
THY-0009,Oil Filter Element,Consumables,Low,2025-12-22,51,2.5,18.5,25
THY-0009,Oil Filter Element,Consumables,Low,2026-01-05,18,2.4,-4.1,8
THY-0009,Oil Filter Element,Consumables,Low,2026-01-19,78,2.23,-7.1,46
THY-0009,Oil Filter Element,Consumables,Low,2026-02-02,56,1.57,-29.6,34
THY-0009,Oil Filter Element,Consumables,Low,2026-02-16,38,1.28,-18.6,23
THY-0009,Oil Filter Element,Consumables,Low,2026-03-02,80,1.32,3.5,43
THY-0009,Oil Filter Element,Consumables,Low,2026-03-16,55,1.78,34.5,26
THY-0009,Oil Filter Element,Consumables,Low,2026-03-30,29,1.87,5.2,15
THY-0009,Oil Filter Element,Consumables,Low,2026-04-13,49,2.67,43.0,21
THY-0009,Oil Filter Element,Consumables,Low,2026-04-27,15,2.41,-9.9,8
THY-0009,Oil Filter Element,Consumables,Low,2026-05-11,72,2.1,-12.9,43
THY-0009,Oil Filter Element,Consumables,Low,2026-05-25,42,2.14,2.1,30
THY-0009,Oil Filter Element,Consumables,Low,2026-06-08,19,1.6,-25.4,14
THY-0009,Oil Filter Element,Consumables,Low,2026-06-22,84,1.56,-2.5,48
THY-0009,Oil Filter Element,Consumables,Low,2026-07-06,62,1.59,2.4,33
THY-0010,Wiper Blade,Consumables,Low,2025-12-08,52,4.13,0.0,9
THY-0010,Wiper Blade,Consumables,Low,2025-12-22,202,5.41,31.1,40
THY-0010,Wiper Blade,Consumables,Low,2026-01-05,134,4.89,-9.5,27
THY-0010,Wiper Blade,Consumables,Low,2026-01-19,54,5.68,16.1,12
THY-0010,Wiper Blade,Consumables,Low,2026-02-02,239,5.36,-5.6,63
THY-0010,Wiper Blade,Consumables,Low,2026-02-16,174,4.66,-13.0,44
THY-0010,Wiper Blade,Consumables,Low,2026-03-02,121,3.8,-18.5,30
THY-0010,Wiper Blade,Consumables,Low,2026-03-16,59,4.4,15.7,14
THY-0010,Wiper Blade,Consumables,Low,2026-03-30,238,4.75,8.1,48
THY-0010,Wiper Blade,Consumables,Low,2026-04-13,159,5.64,18.6,28
THY-0010,Wiper Blade,Consumables,Low,2026-04-27,79,5.73,1.6,17
THY-0010,Wiper Blade,Consumables,Low,2026-05-11,197,5.15,-10.2,45
THY-0010,Wiper Blade,Consumables,Low,2026-05-25,140,4.11,-20.1,41
THY-0010,Wiper Blade,Consumables,Low,2026-06-08,79,4.32,5.1,23
THY-0010,Wiper Blade,Consumables,Low,2026-06-22,214,3.56,-17.5,53
THY-0010,Wiper Blade,Consumables,Low,2026-07-06,163,3.63,2.0,36
THY-0011,Sealant Tube (PR-1440),Consumables,Low,2025-12-08,81,3.5,0.0,21
THY-0011,Sealant Tube (PR-1440),Consumables,Low,2025-12-22,189,4.16,18.8,62
THY-0011,Sealant Tube (PR-1440),Consumables,Low,2026-01-05,135,3.89,-6.4,45
THY-0011,Sealant Tube (PR-1440),Consumables,Low,2026-01-19,80,3.92,0.9,29
THY-0011,Sealant Tube (PR-1440),Consumables,Low,2026-02-02,37,3.07,-21.8,11
THY-0011,Sealant Tube (PR-1440),Consumables,Low,2026-02-16,90,2.84,-7.3,38
THY-0011,Sealant Tube (PR-1440),Consumables,Low,2026-03-02,54,2.58,-9.2,23
THY-0011,Sealant Tube (PR-1440),Consumables,Low,2026-03-16,158,2.71,4.7,43
THY-0011,Sealant Tube (PR-1440),Consumables,Low,2026-03-30,111,3.37,24.6,29
THY-0011,Sealant Tube (PR-1440),Consumables,Low,2026-04-13,57,3.88,15.2,13
THY-0011,Sealant Tube (PR-1440),Consumables,Low,2026-04-27,92,4.46,15.0,19
THY-0011,Sealant Tube (PR-1440),Consumables,Low,2026-05-11,37,3.96,-11.3,12
THY-0011,Sealant Tube (PR-1440),Consumables,Low,2026-05-25,118,3.46,-12.6,44
THY-0011,Sealant Tube (PR-1440),Consumables,Low,2026-06-08,73,3.23,-6.6,32
THY-0011,Sealant Tube (PR-1440),Consumables,Low,2026-06-22,134,2.39,-26.0,45
THY-0011,Sealant Tube (PR-1440),Consumables,Low,2026-07-06,99,2.48,3.7,33
THY-0012,Anti-Ice Fluid Drum,Consumables,Low,2025-12-08,248,6.18,0.0,36
THY-0012,Anti-Ice Fluid Drum,Consumables,Low,2025-12-22,146,7.32,18.5,19
THY-0012,Anti-Ice Fluid Drum,Consumables,Low,2026-01-05,20,8.96,22.3,4
THY-0012,Anti-Ice Fluid Drum,Consumables,Low,2026-01-19,215,5.99,-33.1,42
THY-0012,Anti-Ice Fluid Drum,Consumables,Low,2026-02-02,150,4.66,-22.3,28
THY-0012,Anti-Ice Fluid Drum,Consumables,Low,2026-02-16,87,4.52,-3.0,22
THY-0012,Anti-Ice Fluid Drum,Consumables,Low,2026-03-02,358,4.12,-8.9,59
THY-0012,Anti-Ice Fluid Drum,Consumables,Low,2026-03-16,291,4.74,15.1,45
THY-0012,Anti-Ice Fluid Drum,Consumables,Low,2026-03-30,211,5.7,20.3,30
THY-0012,Anti-Ice Fluid Drum,Consumables,Low,2026-04-13,129,5.88,3.0,17
THY-0012,Anti-Ice Fluid Drum,Consumables,Low,2026-04-27,294,8.11,38.0,52
THY-0012,Anti-Ice Fluid Drum,Consumables,Low,2026-05-11,194,7.14,-11.9,33
THY-0012,Anti-Ice Fluid Drum,Consumables,Low,2026-05-25,105,6.38,-10.7,21
THY-0012,Anti-Ice Fluid Drum,Consumables,Low,2026-06-08,250,5.24,-17.9,52
THY-0012,Anti-Ice Fluid Drum,Consumables,Low,2026-06-22,185,4.64,-11.3,33
THY-0012,Anti-Ice Fluid Drum,Consumables,Low,2026-07-06,120,4.59,-1.1,25
THY-0013,Bolt Kit (AN-Series),Consumables,Low,2025-12-08,89,2.54,0.0,30
THY-0013,Bolt Kit (AN-Series),Consumables,Low,2025-12-22,41,3.46,36.0,16
THY-0013,Bolt Kit (AN-Series),Consumables,Low,2026-01-05,0,2.92,-15.4,0
THY-0013,Bolt Kit (AN-Series),Consumables,Low,2026-01-19,70,2.92,-0.1,31
THY-0013,Bolt Kit (AN-Series),Consumables,Low,2026-02-02,36,2.4,-17.8,21
THY-0013,Bolt Kit (AN-Series),Consumables,Low,2026-02-16,154,1.78,-25.9,67
THY-0013,Bolt Kit (AN-Series),Consumables,Low,2026-03-02,123,2.16,21.4,52
THY-0013,Bolt Kit (AN-Series),Consumables,Low,2026-03-16,96,1.96,-9.3,34
THY-0013,Bolt Kit (AN-Series),Consumables,Low,2026-03-30,64,2.28,16.4,23
THY-0013,Bolt Kit (AN-Series),Consumables,Low,2026-04-13,21,3.08,35.3,8
THY-0013,Bolt Kit (AN-Series),Consumables,Low,2026-04-27,80,3.12,1.1,29
THY-0013,Bolt Kit (AN-Series),Consumables,Low,2026-05-11,37,3.03,-2.8,11
THY-0013,Bolt Kit (AN-Series),Consumables,Low,2026-05-25,102,2.78,-8.3,47
THY-0013,Bolt Kit (AN-Series),Consumables,Low,2026-06-08,71,2.2,-20.7,36
THY-0013,Bolt Kit (AN-Series),Consumables,Low,2026-06-22,40,2.23,1.2,19
THY-0014,Cotter Pin Pack,Consumables,Medium,2025-12-08,58,1.7,0.0,28
THY-0014,Cotter Pin Pack,Consumables,Medium,2025-12-22,27,2.2,29.6,14
THY-0014,Cotter Pin Pack,Consumables,Medium,2026-01-05,53,2.55,15.7,29
THY-0014,Cotter Pin Pack,Consumables,Medium,2026-01-19,24,2.11,-17.1,13
THY-0014,Cotter Pin Pack,Consumables,Medium,2026-02-02,60,1.81,-14.3,42
THY-0014,Cotter Pin Pack,Consumables,Medium,2026-02-16,41,1.3,-28.3,31
THY-0014,Cotter Pin Pack,Consumables,Medium,2026-03-02,23,1.35,4.2,15
THY-0014,Cotter Pin Pack,Consumables,Medium,2026-03-16,70,1.39,2.9,35
THY-0014,Cotter Pin Pack,Consumables,Medium,2026-03-30,47,1.61,15.7,23
THY-0014,Cotter Pin Pack,Consumables,Medium,2026-04-13,22,1.78,10.4,11
THY-0014,Cotter Pin Pack,Consumables,Medium,2026-04-27,79,2.15,21.2,39
THY-0014,Cotter Pin Pack,Consumables,Medium,2026-05-11,49,2.15,-0.2,28
THY-0014,Cotter Pin Pack,Consumables,Medium,2026-05-25,25,1.68,-21.9,18
THY-0014,Cotter Pin Pack,Consumables,Medium,2026-06-08,84,1.66,-1.1,56
THY-0014,Cotter Pin Pack,Consumables,Medium,2026-06-22,66,1.29,-22.0,39
THY-0014,Cotter Pin Pack,Consumables,Medium,2026-07-06,48,1.31,1.5,28
THY-0015,Adhesive Film Roll,Consumables,Medium,2025-12-08,223,5.01,0.0,38
THY-0015,Adhesive Film Roll,Consumables,Medium,2025-12-22,135,6.29,25.7,22
THY-0015,Adhesive Film Roll,Consumables,Medium,2026-01-05,53,5.86,-6.8,8
THY-0015,Adhesive Film Roll,Consumables,Medium,2026-01-19,141,5.07,-13.5,32
THY-0015,Adhesive Film Roll,Consumables,Medium,2026-02-02,70,5.05,-0.3,21
THY-0015,Adhesive Film Roll,Consumables,Medium,2026-02-16,197,3.5,-30.6,48
THY-0015,Adhesive Film Roll,Consumables,Medium,2026-03-02,144,3.78,7.7,33
THY-0015,Adhesive Film Roll,Consumables,Medium,2026-03-16,88,4.03,6.7,20
THY-0015,Adhesive Film Roll,Consumables,Medium,2026-03-30,188,4.81,19.4,33
THY-0015,Adhesive Film Roll,Consumables,Medium,2026-04-13,106,5.87,22.1,17
THY-0015,Adhesive Film Roll,Consumables,Medium,2026-04-27,283,6.88,17.1,50
THY-0015,Adhesive Film Roll,Consumables,Medium,2026-05-11,205,5.6,-18.6,41
THY-0015,Adhesive Film Roll,Consumables,Medium,2026-05-25,130,5.33,-4.7,35
THY-0015,Adhesive Film Roll,Consumables,Medium,2026-06-08,67,4.5,-15.6,17
THY-0015,Adhesive Film Roll,Consumables,Medium,2026-06-22,225,3.55,-21.2,52
THY-0015,Adhesive Film Roll,Consumables,Medium,2026-07-06,184,2.92,-17.7,37
THY-0016,Hydraulic Pump Assembly,Hydraulics,Medium,2025-12-08,20,0.76,0.0,21
THY-0016,Hydraulic Pump Assembly,Hydraulics,Medium,2025-12-22,6,1.0,31.9,8
THY-0016,Hydraulic Pump Assembly,Hydraulics,Medium,2026-01-05,22,0.81,-18.7,26
THY-0016,Hydraulic Pump Assembly,Hydraulics,Medium,2026-01-19,10,0.86,6.5,12
THY-0016,Hydraulic Pump Assembly,Hydraulics,Medium,2026-02-02,41,0.85,-2.2,60
THY-0016,Hydraulic Pump Assembly,Hydraulics,Medium,2026-02-16,31,0.75,-10.8,41
THY-0016,Hydraulic Pump Assembly,Hydraulics,Medium,2026-03-02,22,0.66,-12.2,27
THY-0016,Hydraulic Pump Assembly,Hydraulics,Medium,2026-03-16,12,0.64,-2.6,18
THY-0016,Hydraulic Pump Assembly,Hydraulics,Medium,2026-03-30,44,0.71,10.3,44
THY-0016,Hydraulic Pump Assembly,Hydraulics,Medium,2026-04-13,32,0.87,22.5,32
THY-0016,Hydraulic Pump Assembly,Hydraulics,Medium,2026-04-27,19,0.94,7.6,22
THY-0016,Hydraulic Pump Assembly,Hydraulics,Medium,2026-05-11,5,0.98,4.8,6
THY-0016,Hydraulic Pump Assembly,Hydraulics,Medium,2026-05-25,33,0.87,-11.1,50
THY-0016,Hydraulic Pump Assembly,Hydraulics,Medium,2026-06-08,21,0.88,1.1,30
THY-0016,Hydraulic Pump Assembly,Hydraulics,Medium,2026-06-22,13,0.51,-42.5,21
THY-0016,Hydraulic Pump Assembly,Hydraulics,Medium,2026-07-06,46,0.63,23.3,55
THY-0017,Flap Actuator,Hydraulics,High,2025-12-08,12,0.46,0.0,23
THY-0017,Flap Actuator,Hydraulics,High,2025-12-22,5,0.48,3.4,12
THY-0017,Flap Actuator,Hydraulics,High,2026-01-05,21,0.49,2.9,59
THY-0017,Flap Actuator,Hydraulics,High,2026-01-19,16,0.42,-15.2,47
THY-0017,Flap Actuator,Hydraulics,High,2026-02-02,10,0.39,-5.9,32
THY-0017,Flap Actuator,Hydraulics,High,2026-02-16,5,0.35,-11.9,16
THY-0017,Flap Actuator,Hydraulics,High,2026-03-02,23,0.31,-11.7,57
THY-0017,Flap Actuator,Hydraulics,High,2026-03-16,18,0.35,13.0,44
THY-0017,Flap Actuator,Hydraulics,High,2026-03-30,13,0.39,12.8,27
THY-0017,Flap Actuator,Hydraulics,High,2026-04-13,6,0.47,20.3,13
THY-0017,Flap Actuator,Hydraulics,High,2026-04-27,17,0.48,2.4,36
THY-0017,Flap Actuator,Hydraulics,High,2026-05-11,11,0.48,0.5,21
THY-0017,Flap Actuator,Hydraulics,High,2026-05-25,4,0.5,2.4,11
THY-0017,Flap Actuator,Hydraulics,High,2026-06-08,19,0.4,-18.5,54
THY-0017,Flap Actuator,Hydraulics,High,2026-06-22,15,0.27,-34.2,39
THY-0018,Hydraulic Accumulator,Hydraulics,High,2025-12-08,11,0.35,0.0,34
THY-0018,Hydraulic Accumulator,Hydraulics,High,2025-12-22,5,0.38,10.4,15
THY-0018,Hydraulic Accumulator,Hydraulics,High,2026-01-05,10,0.41,6.3,41
THY-0018,Hydraulic Accumulator,Hydraulics,High,2026-01-19,7,0.28,-32.0,27
THY-0018,Hydraulic Accumulator,Hydraulics,High,2026-02-02,3,0.26,-7.2,11
THY-0018,Hydraulic Accumulator,Hydraulics,High,2026-02-16,12,0.25,-3.0,49
THY-0018,Hydraulic Accumulator,Hydraulics,High,2026-03-02,9,0.22,-11.8,34
THY-0018,Hydraulic Accumulator,Hydraulics,High,2026-03-16,6,0.23,6.0,21
THY-0018,Hydraulic Accumulator,Hydraulics,High,2026-03-30,12,0.32,37.6,36
THY-0018,Hydraulic Accumulator,Hydraulics,High,2026-04-13,7,0.32,0.9,19
THY-0018,Hydraulic Accumulator,Hydraulics,High,2026-04-27,15,0.35,8.7,52
THY-0018,Hydraulic Accumulator,Hydraulics,High,2026-05-11,9,0.41,16.8,34
THY-0018,Hydraulic Accumulator,Hydraulics,High,2026-05-25,5,0.26,-36.3,20
THY-0018,Hydraulic Accumulator,Hydraulics,High,2026-06-08,11,0.25,-4.5,48
THY-0018,Hydraulic Accumulator,Hydraulics,High,2026-06-22,8,0.24,-5.0,33
THY-0018,Hydraulic Accumulator,Hydraulics,High,2026-07-06,5,0.22,-9.3,20
THY-0019,Hydraulic Hose Assembly,Hydraulics,High,2025-12-08,22,0.55,0.0,40
THY-0019,Hydraulic Hose Assembly,Hydraulics,High,2025-12-22,13,0.64,15.6,23
THY-0019,Hydraulic Hose Assembly,Hydraulics,High,2026-01-05,5,0.59,-7.9,11
THY-0019,Hydraulic Hose Assembly,Hydraulics,High,2026-01-19,21,0.62,6.0,52
THY-0019,Hydraulic Hose Assembly,Hydraulics,High,2026-02-02,15,0.46,-26.4,33
THY-0019,Hydraulic Hose Assembly,Hydraulics,High,2026-02-16,10,0.36,-21.5,24
THY-0019,Hydraulic Hose Assembly,Hydraulics,High,2026-03-02,24,0.39,8.9,49
THY-0019,Hydraulic Hose Assembly,Hydraulics,High,2026-03-16,18,0.44,11.6,31
THY-0019,Hydraulic Hose Assembly,Hydraulics,High,2026-03-30,10,0.54,22.3,18
THY-0019,Hydraulic Hose Assembly,Hydraulics,High,2026-04-13,30,0.53,-1.2,55
THY-0019,Hydraulic Hose Assembly,Hydraulics,High,2026-04-27,23,0.51,-3.1,49
THY-0019,Hydraulic Hose Assembly,Hydraulics,High,2026-05-11,16,0.51,-0.3,35
THY-0019,Hydraulic Hose Assembly,Hydraulics,High,2026-05-25,10,0.4,-21.5,24
THY-0019,Hydraulic Hose Assembly,Hydraulics,High,2026-06-08,20,0.45,12.6,52
THY-0019,Hydraulic Hose Assembly,Hydraulics,High,2026-06-22,15,0.39,-13.0,36
THY-0019,Hydraulic Hose Assembly,Hydraulics,High,2026-07-06,10,0.38,-4.2,21
THY-0020,Servo Control Valve,Hydraulics,High,2025-12-08,30,0.75,0.0,43
THY-0020,Servo Control Valve,Hydraulics,High,2025-12-22,18,0.82,8.7,26
THY-0020,Servo Control Valve,Hydraulics,High,2026-01-05,8,0.73,-10.1,10
THY-0020,Servo Control Valve,Hydraulics,High,2026-01-19,16,0.73,0.0,28
THY-0020,Servo Control Valve,Hydraulics,High,2026-02-02,6,0.65,-11.7,9
THY-0020,Servo Control Valve,Hydraulics,High,2026-02-16,30,0.51,-21.0,52
THY-0020,Servo Control Valve,Hydraulics,High,2026-03-02,24,0.44,-13.8,39
THY-0020,Servo Control Valve,Hydraulics,High,2026-03-16,17,0.5,12.6,25
THY-0020,Servo Control Valve,Hydraulics,High,2026-03-30,9,0.6,19.8,13
THY-0020,Servo Control Valve,Hydraulics,High,2026-04-13,22,0.9,52.0,29
THY-0020,Servo Control Valve,Hydraulics,High,2026-04-27,12,0.7,-23.0,14
THY-0020,Servo Control Valve,Hydraulics,High,2026-05-11,23,0.7,0.5,40
THY-0020,Servo Control Valve,Hydraulics,High,2026-05-25,14,0.68,-3.5,27
THY-0020,Servo Control Valve,Hydraulics,High,2026-06-08,37,0.55,-18.3,70
THY-0020,Servo Control Valve,Hydraulics,High,2026-06-22,29,0.55,-0.8,50
THY-0020,Servo Control Valve,Hydraulics,High,2026-07-06,22,0.49,-10.4,36
THY-0021,Pressure Transducer,Hydraulics,High,2025-12-08,25,0.8,0.0,28
THY-0021,Pressure Transducer,Hydraulics,High,2025-12-22,12,0.91,14.3,14
THY-0021,Pressure Transducer,Hydraulics,High,2026-01-05,24,0.94,2.8,33
THY-0021,Pressure Transducer,Hydraulics,High,2026-01-19,13,0.81,-14.1,19
THY-0021,Pressure Transducer,Hydraulics,High,2026-02-02,30,0.74,-8.5,52
THY-0021,Pressure Transducer,Hydraulics,High,2026-02-16,22,0.56,-24.5,37
THY-0021,Pressure Transducer,Hydraulics,High,2026-03-02,13,0.66,18.2,22
THY-0021,Pressure Transducer,Hydraulics,High,2026-03-16,4,0.66,0.0,6
THY-0021,Pressure Transducer,Hydraulics,High,2026-03-30,28,0.63,-4.6,32
THY-0021,Pressure Transducer,Hydraulics,High,2026-04-13,16,0.83,32.0,16
THY-0021,Pressure Transducer,Hydraulics,High,2026-04-27,4,0.88,5.7,5
THY-0021,Pressure Transducer,Hydraulics,High,2026-05-11,14,0.75,-13.8,21
THY-0021,Pressure Transducer,Hydraulics,High,2026-05-25,2,0.88,16.8,3
THY-0021,Pressure Transducer,Hydraulics,High,2026-06-08,19,0.65,-26.5,34
THY-0021,Pressure Transducer,Hydraulics,High,2026-06-22,11,0.58,-10.3,19
THY-0021,Pressure Transducer,Hydraulics,High,2026-07-06,25,0.56,-3.5,33
THY-0022,Landing Gear Selector Valve,Hydraulics,Medium,2025-12-08,9,0.45,0.0,18
THY-0022,Landing Gear Selector Valve,Hydraulics,Medium,2025-12-22,3,0.41,-9.0,8
THY-0022,Landing Gear Selector Valve,Hydraulics,Medium,2026-01-05,18,0.43,4.9,51
THY-0022,Landing Gear Selector Valve,Hydraulics,Medium,2026-01-19,11,0.46,8.4,34
THY-0022,Landing Gear Selector Valve,Hydraulics,Medium,2026-02-02,6,0.37,-20.5,20
THY-0022,Landing Gear Selector Valve,Hydraulics,Medium,2026-02-16,20,0.31,-17.0,60
THY-0022,Landing Gear Selector Valve,Hydraulics,Medium,2026-03-02,15,0.32,4.0,43
THY-0022,Landing Gear Selector Valve,Hydraulics,Medium,2026-03-16,11,0.31,-2.9,25
THY-0022,Landing Gear Selector Valve,Hydraulics,Medium,2026-03-30,6,0.34,8.7,16
THY-0022,Landing Gear Selector Valve,Hydraulics,Medium,2026-04-13,20,0.38,13.5,47
THY-0022,Landing Gear Selector Valve,Hydraulics,Medium,2026-04-27,14,0.46,20.1,31
THY-0022,Landing Gear Selector Valve,Hydraulics,Medium,2026-05-11,6,0.51,11.4,18
THY-0022,Landing Gear Selector Valve,Hydraulics,Medium,2026-05-25,18,0.35,-32.4,56
THY-0022,Landing Gear Selector Valve,Hydraulics,Medium,2026-06-08,12,0.38,10.3,41
THY-0022,Landing Gear Selector Valve,Hydraulics,Medium,2026-06-22,8,0.3,-20.0,27
THY-0022,Landing Gear Selector Valve,Hydraulics,Medium,2026-07-06,5,0.23,-25.3,12
THY-0023,Reservoir Cap Assembly,Hydraulics,Medium,2025-12-08,18,0.83,0.0,21
THY-0023,Reservoir Cap Assembly,Hydraulics,Medium,2025-12-22,6,0.86,3.0,7
THY-0023,Reservoir Cap Assembly,Hydraulics,Medium,2026-01-05,33,0.92,8.0,51
THY-0023,Reservoir Cap Assembly,Hydraulics,Medium,2026-01-19,23,0.75,-18.5,39
THY-0023,Reservoir Cap Assembly,Hydraulics,Medium,2026-02-02,13,0.68,-9.0,23
THY-0023,Reservoir Cap Assembly,Hydraulics,Medium,2026-02-16,5,0.6,-12.1,9
THY-0023,Reservoir Cap Assembly,Hydraulics,Medium,2026-03-02,30,0.72,20.2,42
THY-0023,Reservoir Cap Assembly,Hydraulics,Medium,2026-03-16,22,0.55,-23.5,30
THY-0023,Reservoir Cap Assembly,Hydraulics,Medium,2026-03-30,11,0.79,41.8,13
THY-0023,Reservoir Cap Assembly,Hydraulics,Medium,2026-04-13,34,0.8,1.6,39
THY-0023,Reservoir Cap Assembly,Hydraulics,Medium,2026-04-27,21,0.94,17.9,23
THY-0023,Reservoir Cap Assembly,Hydraulics,Medium,2026-05-11,9,0.85,-9.3,10
THY-0023,Reservoir Cap Assembly,Hydraulics,Medium,2026-05-25,27,0.85,-0.5,43
THY-0023,Reservoir Cap Assembly,Hydraulics,Medium,2026-06-08,18,0.63,-25.9,32
THY-0023,Reservoir Cap Assembly,Hydraulics,Medium,2026-06-22,10,0.56,-10.8,18
THY-0023,Reservoir Cap Assembly,Hydraulics,Medium,2026-07-06,35,0.55,-2.0,45
THY-0024,Main Wheel Tire,Landing Gear,High,2025-12-08,6,0.84,0.0,8
THY-0024,Main Wheel Tire,Landing Gear,High,2025-12-22,32,0.92,9.9,40
THY-0024,Main Wheel Tire,Landing Gear,High,2026-01-05,19,0.88,-4.2,24
THY-0024,Main Wheel Tire,Landing Gear,High,2026-01-19,9,0.76,-14.0,13
THY-0024,Main Wheel Tire,Landing Gear,High,2026-02-02,27,0.61,-19.9,49
THY-0024,Main Wheel Tire,Landing Gear,High,2026-02-16,19,0.57,-6.1,35
THY-0024,Main Wheel Tire,Landing Gear,High,2026-03-02,13,0.46,-19.4,23
THY-0024,Main Wheel Tire,Landing Gear,High,2026-03-16,25,0.64,38.5,33
THY-0024,Main Wheel Tire,Landing Gear,High,2026-03-30,16,0.66,3.7,18
THY-0024,Main Wheel Tire,Landing Gear,High,2026-04-13,3,0.88,33.6,4
THY-0024,Main Wheel Tire,Landing Gear,High,2026-04-27,20,0.73,-17.5,26
THY-0024,Main Wheel Tire,Landing Gear,High,2026-05-11,8,0.87,19.8,13
THY-0024,Main Wheel Tire,Landing Gear,High,2026-05-25,33,0.92,5.7,56
THY-0024,Main Wheel Tire,Landing Gear,High,2026-06-08,25,0.62,-32.4,46
THY-0024,Main Wheel Tire,Landing Gear,High,2026-06-22,19,0.43,-30.5,33
THY-0024,Main Wheel Tire,Landing Gear,High,2026-07-06,12,0.5,15.1,18
THY-0025,Nose Wheel Tire,Landing Gear,Medium,2025-12-08,11,0.54,0.0,19
THY-0025,Nose Wheel Tire,Landing Gear,Medium,2025-12-22,3,0.57,5.8,7
THY-0025,Nose Wheel Tire,Landing Gear,Medium,2026-01-05,14,0.66,15.2,24
THY-0025,Nose Wheel Tire,Landing Gear,Medium,2026-01-19,7,0.54,-17.2,15
THY-0025,Nose Wheel Tire,Landing Gear,Medium,2026-02-02,25,0.5,-8.9,58
THY-0025,Nose Wheel Tire,Landing Gear,Medium,2026-02-16,19,0.48,-3.2,40
THY-0025,Nose Wheel Tire,Landing Gear,Medium,2026-03-02,14,0.32,-33.1,34
THY-0025,Nose Wheel Tire,Landing Gear,Medium,2026-03-16,9,0.37,16.2,19
THY-0025,Nose Wheel Tire,Landing Gear,Medium,2026-03-30,2,0.46,22.6,7
THY-0025,Nose Wheel Tire,Landing Gear,Medium,2026-04-13,12,0.56,22.8,17
THY-0025,Nose Wheel Tire,Landing Gear,Medium,2026-04-27,4,0.58,3.9,8
THY-0025,Nose Wheel Tire,Landing Gear,Medium,2026-05-11,24,0.5,-15.1,56
THY-0025,Nose Wheel Tire,Landing Gear,Medium,2026-05-25,16,0.56,13.8,39
THY-0025,Nose Wheel Tire,Landing Gear,Medium,2026-06-08,10,0.42,-25.5,29
THY-0025,Nose Wheel Tire,Landing Gear,Medium,2026-06-22,31,0.41,-2.9,66
THY-0025,Nose Wheel Tire,Landing Gear,Medium,2026-07-06,26,0.36,-10.8,48
THY-0026,Brake Assembly,Landing Gear,High,2025-12-08,12,0.41,0.0,35
THY-0026,Brake Assembly,Landing Gear,High,2025-12-22,6,0.45,11.5,14
THY-0026,Brake Assembly,Landing Gear,High,2026-01-05,17,0.44,-4.0,53
THY-0026,Brake Assembly,Landing Gear,High,2026-01-19,12,0.37,-14.4,42
THY-0026,Brake Assembly,Landing Gear,High,2026-02-02,7,0.31,-15.8,25
THY-0026,Brake Assembly,Landing Gear,High,2026-02-16,3,0.29,-8.1,13
THY-0026,Brake Assembly,Landing Gear,High,2026-03-02,15,0.28,-1.7,47
THY-0026,Brake Assembly,Landing Gear,High,2026-03-16,11,0.3,7.4,34
THY-0026,Brake Assembly,Landing Gear,High,2026-03-30,5,0.4,32.2,16
THY-0026,Brake Assembly,Landing Gear,High,2026-04-13,16,0.42,5.2,45
THY-0026,Brake Assembly,Landing Gear,High,2026-04-27,10,0.45,5.6,29
THY-0026,Brake Assembly,Landing Gear,High,2026-05-11,3,0.48,6.3,10
THY-0026,Brake Assembly,Landing Gear,High,2026-05-25,13,0.29,-38.5,49
THY-0026,Brake Assembly,Landing Gear,High,2026-06-08,9,0.28,-4.9,35
THY-0026,Brake Assembly,Landing Gear,High,2026-06-22,5,0.29,5.3,19
THY-0026,Brake Assembly,Landing Gear,High,2026-07-06,13,0.26,-9.7,35
THY-0027,Carbon Brake Disc,Landing Gear,Medium,2025-12-08,43,1.43,0.0,30
THY-0027,Carbon Brake Disc,Landing Gear,Medium,2025-12-22,23,1.42,-0.1,16
THY-0027,Carbon Brake Disc,Landing Gear,Medium,2026-01-05,56,1.45,2.1,54
THY-0027,Carbon Brake Disc,Landing Gear,Medium,2026-01-19,39,1.21,-16.8,38
THY-0027,Carbon Brake Disc,Landing Gear,Medium,2026-02-02,23,1.16,-4.1,25
THY-0027,Carbon Brake Disc,Landing Gear,Medium,2026-02-16,67,1.0,-13.8,55
THY-0027,Carbon Brake Disc,Landing Gear,Medium,2026-03-02,55,0.85,-15.2,48
THY-0027,Carbon Brake Disc,Landing Gear,Medium,2026-03-16,40,1.08,27.3,29
THY-0027,Carbon Brake Disc,Landing Gear,Medium,2026-03-30,27,0.92,-14.4,18
THY-0027,Carbon Brake Disc,Landing Gear,Medium,2026-04-13,10,1.22,31.8,7
THY-0027,Carbon Brake Disc,Landing Gear,Medium,2026-04-27,29,1.45,19.4,18
THY-0027,Carbon Brake Disc,Landing Gear,Medium,2026-05-11,10,1.38,-5.1,8
THY-0027,Carbon Brake Disc,Landing Gear,Medium,2026-05-25,29,1.41,2.5,28
THY-0027,Carbon Brake Disc,Landing Gear,Medium,2026-06-08,13,1.15,-19.1,13
THY-0027,Carbon Brake Disc,Landing Gear,Medium,2026-06-22,54,0.93,-18.4,46
THY-0027,Carbon Brake Disc,Landing Gear,Medium,2026-07-06,40,0.97,3.8,33
THY-0028,Shock Strut Seal Kit,Landing Gear,Medium,2025-12-08,16,1.6,0.0,9
THY-0028,Shock Strut Seal Kit,Landing Gear,Medium,2025-12-22,51,1.62,1.4,35
THY-0028,Shock Strut Seal Kit,Landing Gear,Medium,2026-01-05,23,1.98,22.3,16
THY-0028,Shock Strut Seal Kit,Landing Gear,Medium,2026-01-19,65,1.52,-23.2,60
THY-0028,Shock Strut Seal Kit,Landing Gear,Medium,2026-02-02,46,1.35,-11.0,48
THY-0028,Shock Strut Seal Kit,Landing Gear,Medium,2026-02-16,30,1.11,-18.3,30
THY-0028,Shock Strut Seal Kit,Landing Gear,Medium,2026-03-02,14,1.13,1.9,12
THY-0028,Shock Strut Seal Kit,Landing Gear,Medium,2026-03-16,40,0.9,-20.4,29
THY-0028,Shock Strut Seal Kit,Landing Gear,Medium,2026-03-30,22,1.26,40.1,14
THY-0028,Shock Strut Seal Kit,Landing Gear,Medium,2026-04-13,44,1.88,49.8,29
THY-0028,Shock Strut Seal Kit,Landing Gear,Medium,2026-04-27,24,1.41,-24.9,17
THY-0028,Shock Strut Seal Kit,Landing Gear,Medium,2026-05-11,3,1.52,7.3,3
THY-0028,Shock Strut Seal Kit,Landing Gear,Medium,2026-05-25,29,1.28,-15.3,27
THY-0028,Shock Strut Seal Kit,Landing Gear,Medium,2026-06-08,15,1.03,-19.5,15
THY-0028,Shock Strut Seal Kit,Landing Gear,Medium,2026-06-22,74,0.92,-10.7,63
THY-0028,Shock Strut Seal Kit,Landing Gear,Medium,2026-07-06,60,0.98,6.5,43
THY-0029,Torque Link Pin,Landing Gear,High,2025-12-08,12,1.16,0.0,10
THY-0029,Torque Link Pin,Landing Gear,High,2025-12-22,51,1.12,-3.3,42
THY-0029,Torque Link Pin,Landing Gear,High,2026-01-05,31,1.39,24.2,27
THY-0029,Torque Link Pin,Landing Gear,High,2026-01-19,19,0.86,-38.4,18
THY-0029,Torque Link Pin,Landing Gear,High,2026-02-02,54,0.95,11.3,62
THY-0029,Torque Link Pin,Landing Gear,High,2026-02-16,43,0.77,-19.6,46
THY-0029,Torque Link Pin,Landing Gear,High,2026-03-02,32,0.79,3.2,36
THY-0029,Torque Link Pin,Landing Gear,High,2026-03-16,20,0.86,8.3,19
THY-0029,Torque Link Pin,Landing Gear,High,2026-03-30,6,1.04,21.5,5
THY-0029,Torque Link Pin,Landing Gear,High,2026-04-13,42,1.09,4.3,33
THY-0029,Torque Link Pin,Landing Gear,High,2026-04-27,24,1.27,17.0,20
THY-0029,Torque Link Pin,Landing Gear,High,2026-05-11,8,1.15,-9.8,6
THY-0029,Torque Link Pin,Landing Gear,High,2026-05-25,45,1.05,-8.8,50
THY-0029,Torque Link Pin,Landing Gear,High,2026-06-08,32,0.93,-11.0,41
THY-0029,Torque Link Pin,Landing Gear,High,2026-06-22,20,0.83,-10.4,26
THY-0029,Torque Link Pin,Landing Gear,High,2026-07-06,44,0.66,-20.4,37
THY-0030,Wheel Bearing Set,Landing Gear,High,2025-12-08,14,0.43,0.0,22
THY-0030,Wheel Bearing Set,Landing Gear,High,2025-12-22,6,0.53,21.0,12
THY-0030,Wheel Bearing Set,Landing Gear,High,2026-01-05,15,0.61,16.6,29
THY-0030,Wheel Bearing Set,Landing Gear,High,2026-01-19,7,0.57,-6.8,17
THY-0030,Wheel Bearing Set,Landing Gear,High,2026-02-02,17,0.39,-32.4,48
THY-0030,Wheel Bearing Set,Landing Gear,High,2026-02-16,12,0.34,-11.6,32
THY-0030,Wheel Bearing Set,Landing Gear,High,2026-03-02,7,0.34,0.1,20
THY-0030,Wheel Bearing Set,Landing Gear,High,2026-03-16,26,0.33,-2.3,52
THY-0030,Wheel Bearing Set,Landing Gear,High,2026-03-30,20,0.43,29.0,38
THY-0030,Wheel Bearing Set,Landing Gear,High,2026-04-13,11,0.63,45.7,19
THY-0030,Wheel Bearing Set,Landing Gear,High,2026-04-27,3,0.58,-6.9,8
THY-0030,Wheel Bearing Set,Landing Gear,High,2026-05-11,17,0.55,-5.7,41
THY-0030,Wheel Bearing Set,Landing Gear,High,2026-05-25,9,0.54,-2.3,26
THY-0030,Wheel Bearing Set,Landing Gear,High,2026-06-08,19,0.47,-12.0,52
THY-0030,Wheel Bearing Set,Landing Gear,High,2026-06-22,13,0.42,-11.9,32
THY-0030,Wheel Bearing Set,Landing Gear,High,2026-07-06,8,0.36,-13.8,21
THY-0031,Axle Nut,Landing Gear,Medium,2025-12-08,15,1.03,0.0,14
THY-0031,Axle Nut,Landing Gear,Medium,2025-12-22,26,1.12,8.7,25
THY-0031,Axle Nut,Landing Gear,Medium,2026-01-05,12,1.01,-9.4,13
THY-0031,Axle Nut,Landing Gear,Medium,2026-01-19,48,1.02,0.3,59
THY-0031,Axle Nut,Landing Gear,Medium,2026-02-02,37,0.79,-22.0,52
THY-0031,Axle Nut,Landing Gear,Medium,2026-02-16,27,0.71,-10.7,34
THY-0031,Axle Nut,Landing Gear,Medium,2026-03-02,16,0.77,9.1,22
THY-0031,Axle Nut,Landing Gear,Medium,2026-03-16,33,0.78,1.2,33
THY-0031,Axle Nut,Landing Gear,Medium,2026-03-30,21,0.88,12.3,19
THY-0031,Axle Nut,Landing Gear,Medium,2026-04-13,55,0.93,6.1,54
THY-0031,Axle Nut,Landing Gear,Medium,2026-04-27,38,1.18,26.9,40
THY-0031,Axle Nut,Landing Gear,Medium,2026-05-11,25,0.94,-20.3,28
THY-0031,Axle Nut,Landing Gear,Medium,2026-05-25,9,1.15,21.4,14
THY-0031,Axle Nut,Landing Gear,Medium,2026-06-08,47,0.84,-26.7,61
THY-0031,Axle Nut,Landing Gear,Medium,2026-06-22,36,0.75,-10.7,43
THY-0031,Axle Nut,Landing Gear,Medium,2026-07-06,26,0.7,-6.5,28
THY-0032,Transponder Unit,Avionics,Medium,2025-12-08,9,0.54,0.0,15
THY-0032,Transponder Unit,Avionics,Medium,2025-12-22,0,0.62,14.6,0
THY-0032,Transponder Unit,Avionics,Medium,2026-01-05,14,0.7,11.6,26
THY-0032,Transponder Unit,Avionics,Medium,2026-01-19,6,0.61,-12.1,10
THY-0032,Transponder Unit,Avionics,Medium,2026-02-02,17,0.47,-23.5,42
THY-0032,Transponder Unit,Avionics,Medium,2026-02-16,11,0.43,-7.8,26
THY-0032,Transponder Unit,Avionics,Medium,2026-03-02,5,0.41,-5.4,13
THY-0032,Transponder Unit,Avionics,Medium,2026-03-16,21,0.45,9.7,36
THY-0032,Transponder Unit,Avionics,Medium,2026-03-30,13,0.52,15.1,22
THY-0032,Transponder Unit,Avionics,Medium,2026-04-13,5,0.58,13.3,9
THY-0032,Transponder Unit,Avionics,Medium,2026-04-27,14,0.76,29.6,26
THY-0032,Transponder Unit,Avionics,Medium,2026-05-11,5,0.67,-11.3,9
THY-0032,Transponder Unit,Avionics,Medium,2026-05-25,22,0.57,-15.4,46
THY-0032,Transponder Unit,Avionics,Medium,2026-06-08,16,0.43,-25.2,38
THY-0032,Transponder Unit,Avionics,Medium,2026-06-22,9,0.45,5.9,25
THY-0032,Transponder Unit,Avionics,Medium,2026-07-06,3,0.45,-0.2,9
THY-0033,Weather Radar Antenna,Avionics,Medium,2025-12-08,19,0.45,0.0,40
THY-0033,Weather Radar Antenna,Avionics,Medium,2025-12-22,11,0.52,15.4,23
THY-0033,Weather Radar Antenna,Avionics,Medium,2026-01-05,5,0.46,-10.4,12
THY-0033,Weather Radar Antenna,Avionics,Medium,2026-01-19,9,0.53,14.1,25
THY-0033,Weather Radar Antenna,Avionics,Medium,2026-02-02,4,0.39,-26.5,12
THY-0033,Weather Radar Antenna,Avionics,Medium,2026-02-16,20,0.4,1.9,55
THY-0033,Weather Radar Antenna,Avionics,Medium,2026-03-02,16,0.3,-23.3,42
THY-0033,Weather Radar Antenna,Avionics,Medium,2026-03-16,11,0.37,20.7,29
THY-0033,Weather Radar Antenna,Avionics,Medium,2026-03-30,6,0.34,-6.3,15
THY-0033,Weather Radar Antenna,Avionics,Medium,2026-04-13,12,0.41,19.5,23
THY-0033,Weather Radar Antenna,Avionics,Medium,2026-04-27,5,0.5,21.4,12
THY-0033,Weather Radar Antenna,Avionics,Medium,2026-05-11,13,0.49,-2.1,34
THY-0033,Weather Radar Antenna,Avionics,Medium,2026-05-25,7,0.42,-14.2,19
THY-0033,Weather Radar Antenna,Avionics,Medium,2026-06-08,22,0.31,-25.4,62
THY-0033,Weather Radar Antenna,Avionics,Medium,2026-06-22,18,0.33,5.7,44
THY-0033,Weather Radar Antenna,Avionics,Medium,2026-07-06,13,0.31,-5.6,34
THY-0034,VHF Radio Unit,Avionics,Medium,2025-12-08,9,0.24,0.0,28
THY-0034,VHF Radio Unit,Avionics,Medium,2025-12-22,5,0.31,32.6,15
THY-0034,VHF Radio Unit,Avionics,Medium,2026-01-05,8,0.4,26.0,26
THY-0034,VHF Radio Unit,Avionics,Medium,2026-01-19,3,0.35,-10.3,11
THY-0034,VHF Radio Unit,Avionics,Medium,2026-02-02,9,0.29,-18.2,44
THY-0034,VHF Radio Unit,Avionics,Medium,2026-02-16,7,0.18,-38.6,31
THY-0034,VHF Radio Unit,Avionics,Medium,2026-03-02,4,0.22,21.3,18
THY-0034,VHF Radio Unit,Avionics,Medium,2026-03-16,9,0.23,6.3,32
THY-0034,VHF Radio Unit,Avionics,Medium,2026-03-30,5,0.3,31.0,14
THY-0034,VHF Radio Unit,Avionics,Medium,2026-04-13,13,0.28,-5.6,41
THY-0034,VHF Radio Unit,Avionics,Medium,2026-04-27,9,0.35,21.9,28
THY-0034,VHF Radio Unit,Avionics,Medium,2026-05-11,4,0.29,-15.1,15
THY-0034,VHF Radio Unit,Avionics,Medium,2026-05-25,15,0.31,6.3,66
THY-0034,VHF Radio Unit,Avionics,Medium,2026-06-08,10,0.29,-7.6,51
THY-0034,VHF Radio Unit,Avionics,Medium,2026-06-22,8,0.21,-27.3,35
THY-0034,VHF Radio Unit,Avionics,Medium,2026-07-06,5,0.19,-9.2,23
THY-0035,Navigation Display,Avionics,High,2025-12-08,8,0.35,0.0,19
THY-0035,Navigation Display,Avionics,High,2025-12-22,2,0.42,18.5,4
THY-0035,Navigation Display,Avionics,High,2026-01-05,9,0.37,-10.7,25
THY-0035,Navigation Display,Avionics,High,2026-01-19,22,0.41,9.4,76
THY-0035,Navigation Display,Avionics,High,2026-02-02,17,0.35,-14.2,58
THY-0035,Navigation Display,Avionics,High,2026-02-16,13,0.33,-6.1,47
THY-0035,Navigation Display,Avionics,High,2026-03-02,9,0.27,-19.3,28
THY-0035,Navigation Display,Avionics,High,2026-03-16,6,0.22,-17.2,15
THY-0035,Navigation Display,Avionics,High,2026-03-30,19,0.38,71.3,41
THY-0035,Navigation Display,Avionics,High,2026-04-13,13,0.4,6.2,31
THY-0035,Navigation Display,Avionics,High,2026-04-27,7,0.44,8.5,19
THY-0035,Navigation Display,Avionics,High,2026-05-11,1,0.44,1.0,3
THY-0035,Navigation Display,Avionics,High,2026-05-25,8,0.32,-26.8,27
THY-0035,Navigation Display,Avionics,High,2026-06-08,4,0.29,-10.5,13
THY-0035,Navigation Display,Avionics,High,2026-06-22,10,0.3,5.7,36
THY-0035,Navigation Display,Avionics,High,2026-07-06,6,0.27,-12.6,20
THY-0036,Pitot Tube,Avionics,High,2025-12-08,15,0.33,0.0,37
THY-0036,Pitot Tube,Avionics,High,2025-12-22,9,0.43,31.8,23
THY-0036,Pitot Tube,Avionics,High,2026-01-05,19,0.35,-17.7,66
THY-0036,Pitot Tube,Avionics,High,2026-01-19,13,0.39,10.5,52
THY-0036,Pitot Tube,Avionics,High,2026-02-02,9,0.32,-18.1,35
THY-0036,Pitot Tube,Avionics,High,2026-02-16,5,0.25,-20.7,20
THY-0036,Pitot Tube,Avionics,High,2026-03-02,16,0.23,-8.3,49
THY-0036,Pitot Tube,Avionics,High,2026-03-16,13,0.24,5.4,33
THY-0036,Pitot Tube,Avionics,High,2026-03-30,8,0.3,22.5,22
THY-0036,Pitot Tube,Avionics,High,2026-04-13,4,0.35,15.1,9
THY-0036,Pitot Tube,Avionics,High,2026-04-27,10,0.46,32.4,24
THY-0036,Pitot Tube,Avionics,High,2026-05-11,4,0.43,-6.6,9
THY-0036,Pitot Tube,Avionics,High,2026-05-25,11,0.35,-17.8,40
THY-0036,Pitot Tube,Avionics,High,2026-06-08,7,0.3,-13.7,28
THY-0036,Pitot Tube,Avionics,High,2026-06-22,3,0.29,-5.0,14
THY-0036,Pitot Tube,Avionics,High,2026-07-06,17,0.23,-20.0,45
THY-0037,Static Port Sensor,Avionics,Medium,2025-12-08,6,0.23,0.0,26
THY-0037,Static Port Sensor,Avionics,Medium,2025-12-22,2,0.27,13.9,7
THY-0037,Static Port Sensor,Avionics,Medium,2026-01-05,6,0.3,11.5,25
THY-0037,Static Port Sensor,Avionics,Medium,2026-01-19,3,0.24,-18.1,13
THY-0037,Static Port Sensor,Avionics,Medium,2026-02-02,9,0.25,4.7,47
THY-0037,Static Port Sensor,Avionics,Medium,2026-02-16,6,0.2,-20.8,31
THY-0037,Static Port Sensor,Avionics,Medium,2026-03-02,4,0.13,-34.1,18
THY-0037,Static Port Sensor,Avionics,Medium,2026-03-16,11,0.19,46.8,35
THY-0037,Static Port Sensor,Avionics,Medium,2026-03-30,7,0.24,22.1,26
THY-0037,Static Port Sensor,Avionics,Medium,2026-04-13,4,0.24,2.3,14
THY-0037,Static Port Sensor,Avionics,Medium,2026-04-27,8,0.28,16.6,29
THY-0037,Static Port Sensor,Avionics,Medium,2026-05-11,4,0.31,10.7,20
THY-0037,Static Port Sensor,Avionics,Medium,2026-05-25,13,0.27,-12.7,65
THY-0037,Static Port Sensor,Avionics,Medium,2026-06-08,10,0.24,-11.8,50
THY-0037,Static Port Sensor,Avionics,Medium,2026-06-22,7,0.18,-25.5,39
THY-0038,Radio Altimeter,Avionics,High,2025-12-08,11,0.28,0.0,36
THY-0038,Radio Altimeter,Avionics,High,2025-12-22,7,0.33,20.3,23
THY-0038,Radio Altimeter,Avionics,High,2026-01-05,1,0.37,12.3,6
THY-0038,Radio Altimeter,Avionics,High,2026-01-19,7,0.3,-19.3,36
THY-0038,Radio Altimeter,Avionics,High,2026-02-02,4,0.24,-19.4,19
THY-0038,Radio Altimeter,Avionics,High,2026-02-16,10,0.24,-1.7,46
THY-0038,Radio Altimeter,Avionics,High,2026-03-02,7,0.2,-14.7,30
THY-0038,Radio Altimeter,Avionics,High,2026-03-16,4,0.2,-3.6,19
THY-0038,Radio Altimeter,Avionics,High,2026-03-30,10,0.25,29.3,34
THY-0038,Radio Altimeter,Avionics,High,2026-04-13,6,0.31,22.9,19
THY-0038,Radio Altimeter,Avionics,High,2026-04-27,1,0.34,10.1,4
THY-0038,Radio Altimeter,Avionics,High,2026-05-11,6,0.37,7.6,20
THY-0038,Radio Altimeter,Avionics,High,2026-05-25,16,0.26,-30.1,72
THY-0038,Radio Altimeter,Avionics,High,2026-06-08,12,0.27,3.9,55
THY-0038,Radio Altimeter,Avionics,High,2026-06-22,9,0.19,-29.7,41
THY-0038,Radio Altimeter,Avionics,High,2026-07-06,7,0.19,1.6,28
THY-0039,FDR Battery Pack,Avionics,High,2025-12-08,22,0.42,0.0,45
THY-0039,FDR Battery Pack,Avionics,High,2025-12-22,15,0.53,26.4,28
THY-0039,FDR Battery Pack,Avionics,High,2026-01-05,7,0.59,10.3,13
THY-0039,FDR Battery Pack,Avionics,High,2026-01-19,19,0.46,-22.1,47
THY-0039,FDR Battery Pack,Avionics,High,2026-02-02,14,0.39,-13.6,38
THY-0039,FDR Battery Pack,Avionics,High,2026-02-16,9,0.33,-17.1,27
THY-0039,FDR Battery Pack,Avionics,High,2026-03-02,5,0.3,-8.1,14
THY-0039,FDR Battery Pack,Avionics,High,2026-03-16,19,0.38,27.9,35
THY-0039,FDR Battery Pack,Avionics,High,2026-03-30,13,0.43,12.5,23
THY-0039,FDR Battery Pack,Avionics,High,2026-04-13,5,0.54,25.0,9
THY-0039,FDR Battery Pack,Avionics,High,2026-04-27,11,0.66,22.6,23
THY-0039,FDR Battery Pack,Avionics,High,2026-05-11,3,0.58,-12.8,6
THY-0039,FDR Battery Pack,Avionics,High,2026-05-25,13,0.44,-23.2,37
THY-0039,FDR Battery Pack,Avionics,High,2026-06-08,7,0.43,-2.1,22
THY-0039,FDR Battery Pack,Avionics,High,2026-06-22,27,0.37,-14.1,64
THY-0039,FDR Battery Pack,Avionics,High,2026-07-06,22,0.36,-3.9,49
THY-0040,Main Battery Pack,Electrical,Medium,2025-12-08,37,1.08,0.0,32
THY-0040,Main Battery Pack,Electrical,Medium,2025-12-22,21,1.18,9.4,15
THY-0040,Main Battery Pack,Electrical,Medium,2026-01-05,38,1.24,5.7,34
THY-0040,Main Battery Pack,Electrical,Medium,2026-01-19,20,1.28,2.5,21
THY-0040,Main Battery Pack,Electrical,Medium,2026-02-02,65,0.98,-23.2,69
THY-0040,Main Battery Pack,Electrical,Medium,2026-02-16,54,0.8,-17.9,58
THY-0040,Main Battery Pack,Electrical,Medium,2026-03-02,42,0.8,-0.5,38
THY-0040,Main Battery Pack,Electrical,Medium,2026-03-16,30,0.91,13.2,24
THY-0040,Main Battery Pack,Electrical,Medium,2026-03-30,18,0.87,-4.4,15
THY-0040,Main Battery Pack,Electrical,Medium,2026-04-13,57,1.15,32.2,48
THY-0040,Main Battery Pack,Electrical,Medium,2026-04-27,40,1.24,8.7,33
THY-0040,Main Battery Pack,Electrical,Medium,2026-05-11,23,1.21,-2.5,20
THY-0040,Main Battery Pack,Electrical,Medium,2026-05-25,5,1.26,3.8,8
THY-0040,Main Battery Pack,Electrical,Medium,2026-06-08,39,1.06,-15.6,44
THY-0040,Main Battery Pack,Electrical,Medium,2026-06-22,27,0.87,-18.3,28
THY-0040,Main Battery Pack,Electrical,Medium,2026-07-06,14,0.87,0.4,14
THY-0041,AC Generator,Electrical,Medium,2025-12-08,4,0.93,0.0,5
THY-0041,AC Generator,Electrical,Medium,2025-12-22,30,0.78,-16.0,41
THY-0041,AC Generator,Electrical,Medium,2026-01-05,17,0.95,21.9,25
THY-0041,AC Generator,Electrical,Medium,2026-01-19,33,0.71,-25.5,54
THY-0041,AC Generator,Electrical,Medium,2026-02-02,23,0.71,-0.2,40
THY-0041,AC Generator,Electrical,Medium,2026-02-16,15,0.62,-12.0,29
THY-0041,AC Generator,Electrical,Medium,2026-03-02,28,0.46,-25.7,45
THY-0041,AC Generator,Electrical,Medium,2026-03-16,20,0.64,38.3,30
THY-0041,AC Generator,Electrical,Medium,2026-03-30,11,0.58,-8.4,16
THY-0041,AC Generator,Electrical,Medium,2026-04-13,31,0.87,49.5,35
THY-0041,AC Generator,Electrical,Medium,2026-04-27,17,1.0,14.5,24
THY-0041,AC Generator,Electrical,Medium,2026-05-11,41,1.02,2.2,62
THY-0041,AC Generator,Electrical,Medium,2026-05-25,31,0.71,-30.1,54
THY-0041,AC Generator,Electrical,Medium,2026-06-08,23,0.6,-16.3,41
THY-0041,AC Generator,Electrical,Medium,2026-06-22,15,0.6,-0.2,24
THY-0041,AC Generator,Electrical,Medium,2026-07-06,6,0.59,-1.1,11
THY-0042,LED Landing Light,Electrical,Low,2025-12-08,13,0.44,0.0,21
THY-0042,LED Landing Light,Electrical,Low,2025-12-22,5,0.59,33.0,6
THY-0042,LED Landing Light,Electrical,Low,2026-01-05,22,0.62,5.8,51
THY-0042,LED Landing Light,Electrical,Low,2026-01-19,14,0.59,-6.3,36
THY-0042,LED Landing Light,Electrical,Low,2026-02-02,8,0.45,-22.7,20
THY-0042,LED Landing Light,Electrical,Low,2026-02-16,3,0.38,-15.5,8
THY-0042,LED Landing Light,Electrical,Low,2026-03-02,13,0.38,-1.9,28
THY-0042,LED Landing Light,Electrical,Low,2026-03-16,7,0.38,0.6,17
THY-0042,LED Landing Light,Electrical,Low,2026-03-30,24,0.5,32.6,45
THY-0042,LED Landing Light,Electrical,Low,2026-04-13,17,0.52,3.0,31
THY-0042,LED Landing Light,Electrical,Low,2026-04-27,9,0.56,8.8,16
THY-0042,LED Landing Light,Electrical,Low,2026-05-11,0,0.65,16.6,1
THY-0042,LED Landing Light,Electrical,Low,2026-05-25,9,0.42,-35.4,20
THY-0042,LED Landing Light,Electrical,Low,2026-06-08,3,0.46,7.8,8
THY-0042,LED Landing Light,Electrical,Low,2026-06-22,16,0.34,-24.5,35
THY-0042,LED Landing Light,Electrical,Low,2026-07-06,11,0.34,-1.9,22
THY-0043,Wiring Harness Kit,Electrical,High,2025-12-08,6,0.44,0.0,17
THY-0043,Wiring Harness Kit,Electrical,High,2025-12-22,17,0.42,-5.8,38
THY-0043,Wiring Harness Kit,Electrical,High,2026-01-05,10,0.55,31.9,24
THY-0043,Wiring Harness Kit,Electrical,High,2026-01-19,3,0.43,-21.8,10
THY-0043,Wiring Harness Kit,Electrical,High,2026-02-02,14,0.45,3.6,45
THY-0043,Wiring Harness Kit,Electrical,High,2026-02-16,9,0.33,-26.6,30
THY-0043,Wiring Harness Kit,Electrical,High,2026-03-02,5,0.28,-13.5,16
THY-0043,Wiring Harness Kit,Electrical,High,2026-03-16,20,0.32,12.6,45
THY-0043,Wiring Harness Kit,Electrical,High,2026-03-30,14,0.42,30.6,28
THY-0043,Wiring Harness Kit,Electrical,High,2026-04-13,7,0.46,9.6,15
THY-0043,Wiring Harness Kit,Electrical,High,2026-04-27,14,0.5,8.4,35
THY-0043,Wiring Harness Kit,Electrical,High,2026-05-11,7,0.51,2.3,20
THY-0043,Wiring Harness Kit,Electrical,High,2026-05-25,15,0.44,-13.7,46
THY-0043,Wiring Harness Kit,Electrical,High,2026-06-08,10,0.37,-15.8,33
THY-0043,Wiring Harness Kit,Electrical,High,2026-06-22,6,0.34,-8.8,17
THY-0043,Wiring Harness Kit,Electrical,High,2026-07-06,19,0.35,3.9,45
THY-0044,Circuit Breaker (25A),Electrical,Medium,2025-12-08,17,0.98,0.0,18
THY-0044,Circuit Breaker (25A),Electrical,Medium,2025-12-22,7,0.72,-26.7,8
THY-0044,Circuit Breaker (25A),Electrical,Medium,2026-01-05,21,0.86,19.6,27
THY-0044,Circuit Breaker (25A),Electrical,Medium,2026-01-19,10,0.78,-9.0,14
THY-0044,Circuit Breaker (25A),Electrical,Medium,2026-02-02,22,0.76,-2.9,39
THY-0044,Circuit Breaker (25A),Electrical,Medium,2026-02-16,15,0.53,-30.2,27
THY-0044,Circuit Breaker (25A),Electrical,Medium,2026-03-02,33,0.58,9.8,45
THY-0044,Circuit Breaker (25A),Electrical,Medium,2026-03-16,23,0.68,16.9,27
THY-0044,Circuit Breaker (25A),Electrical,Medium,2026-03-30,12,0.76,11.9,16
THY-0044,Circuit Breaker (25A),Electrical,Medium,2026-04-13,31,0.98,29.0,33
THY-0044,Circuit Breaker (25A),Electrical,Medium,2026-04-27,19,0.82,-16.1,22
THY-0044,Circuit Breaker (25A),Electrical,Medium,2026-05-11,7,0.92,11.6,9
THY-0044,Circuit Breaker (25A),Electrical,Medium,2026-05-25,21,0.87,-4.8,34
THY-0044,Circuit Breaker (25A),Electrical,Medium,2026-06-08,12,0.63,-28.3,21
THY-0044,Circuit Breaker (25A),Electrical,Medium,2026-06-22,35,0.68,8.4,47
THY-0045,Static Inverter,Electrical,High,2025-12-08,27,0.78,0.0,32
THY-0045,Static Inverter,Electrical,High,2025-12-22,14,0.94,19.8,14
THY-0045,Static Inverter,Electrical,High,2026-01-05,0,0.98,4.3,0
THY-0045,Static Inverter,Electrical,High,2026-01-19,14,0.89,-8.8,20
THY-0045,Static Inverter,Electrical,High,2026-02-02,32,0.84,-5.4,46
THY-0045,Static Inverter,Electrical,High,2026-02-16,22,0.69,-18.0,32
THY-0045,Static Inverter,Electrical,High,2026-03-02,15,0.52,-24.3,21
THY-0045,Static Inverter,Electrical,High,2026-03-16,43,0.7,34.1,48
THY-0045,Static Inverter,Electrical,High,2026-03-30,34,0.65,-7.6,36
THY-0045,Static Inverter,Electrical,High,2026-04-13,22,0.82,26.9,24
THY-0045,Static Inverter,Electrical,High,2026-04-27,7,1.09,32.4,7
THY-0045,Static Inverter,Electrical,High,2026-05-11,18,1.1,1.0,21
THY-0045,Static Inverter,Electrical,High,2026-05-25,5,0.93,-15.5,8
THY-0045,Static Inverter,Electrical,High,2026-06-08,28,0.69,-25.4,44
THY-0045,Static Inverter,Electrical,High,2026-06-22,20,0.5,-27.1,29
THY-0045,Static Inverter,Electrical,High,2026-07-06,12,0.61,19.9,18
THY-0046,Relay Module,Electrical,High,2025-12-08,43,1.16,0.0,34
THY-0046,Relay Module,Electrical,High,2025-12-22,23,1.37,18.8,20
THY-0046,Relay Module,Electrical,High,2026-01-05,43,1.19,-13.5,46
THY-0046,Relay Module,Electrical,High,2026-01-19,26,1.2,1.0,30
THY-0046,Relay Module,Electrical,High,2026-02-02,12,0.96,-19.8,15
THY-0046,Relay Module,Electrical,High,2026-02-16,48,0.8,-17.2,57
THY-0046,Relay Module,Electrical,High,2026-03-02,37,0.82,2.9,39
THY-0046,Relay Module,Electrical,High,2026-03-16,27,0.73,-10.6,27
THY-0046,Relay Module,Electrical,High,2026-03-30,16,0.78,6.6,13
THY-0046,Relay Module,Electrical,High,2026-04-13,25,1.32,69.1,21
THY-0046,Relay Module,Electrical,High,2026-04-27,8,1.22,-7.7,9
THY-0046,Relay Module,Electrical,High,2026-05-11,25,1.22,-0.1,23
THY-0046,Relay Module,Electrical,High,2026-05-25,63,1.15,-5.4,76
THY-0046,Relay Module,Electrical,High,2026-06-08,51,0.89,-22.9,58
THY-0046,Relay Module,Electrical,High,2026-06-22,39,0.84,-5.0,45
THY-0046,Relay Module,Electrical,High,2026-07-06,29,0.71,-15.6,32
THY-0047,Position Light Assembly,Electrical,Medium,2025-12-08,14,0.71,0.0,18
THY-0047,Position Light Assembly,Electrical,Medium,2025-12-22,36,1.05,47.2,52
THY-0047,Position Light Assembly,Electrical,Medium,2026-01-05,24,0.85,-19.1,31
THY-0047,Position Light Assembly,Electrical,Medium,2026-01-19,14,0.73,-14.6,25
THY-0047,Position Light Assembly,Electrical,Medium,2026-02-02,6,0.61,-16.1,11
THY-0047,Position Light Assembly,Electrical,Medium,2026-02-16,26,0.54,-10.6,46
THY-0047,Position Light Assembly,Electrical,Medium,2026-03-02,20,0.47,-13.3,29
THY-0047,Position Light Assembly,Electrical,Medium,2026-03-16,11,0.63,34.0,17
THY-0047,Position Light Assembly,Electrical,Medium,2026-03-30,38,0.59,-6.3,50
THY-0047,Position Light Assembly,Electrical,Medium,2026-04-13,27,0.85,43.6,35
THY-0047,Position Light Assembly,Electrical,Medium,2026-04-27,15,0.83,-2.2,22
THY-0047,Position Light Assembly,Electrical,Medium,2026-05-11,2,0.9,8.1,2
THY-0047,Position Light Assembly,Electrical,Medium,2026-05-25,19,0.55,-39.3,31
THY-0047,Position Light Assembly,Electrical,Medium,2026-06-08,10,0.63,15.8,18
THY-0047,Position Light Assembly,Electrical,Medium,2026-06-22,33,0.6,-5.4,53
THY-0047,Position Light Assembly,Electrical,Medium,2026-07-06,25,0.61,2.6,36
THY-0048,Igniter Plug,Engine Parts,High,2025-12-08,14,0.73,0.0,20
THY-0048,Igniter Plug,Engine Parts,High,2025-12-22,3,0.74,0.7,4
THY-0048,Igniter Plug,Engine Parts,High,2026-01-05,28,0.77,4.0,47
THY-0048,Igniter Plug,Engine Parts,High,2026-01-19,17,0.74,-3.7,29
THY-0048,Igniter Plug,Engine Parts,High,2026-02-02,8,0.68,-7.6,17
THY-0048,Igniter Plug,Engine Parts,High,2026-02-16,24,0.55,-18.7,42
THY-0048,Igniter Plug,Engine Parts,High,2026-03-02,17,0.52,-6.2,27
THY-0048,Igniter Plug,Engine Parts,High,2026-03-16,9,0.55,6.1,16
THY-0048,Igniter Plug,Engine Parts,High,2026-03-30,27,0.57,3.8,35
THY-0048,Igniter Plug,Engine Parts,High,2026-04-13,17,0.68,19.4,21
THY-0048,Igniter Plug,Engine Parts,High,2026-04-27,4,0.92,34.1,5
THY-0048,Igniter Plug,Engine Parts,High,2026-05-11,16,0.67,-26.4,22
THY-0048,Igniter Plug,Engine Parts,High,2026-05-25,7,0.67,-0.9,12
THY-0048,Igniter Plug,Engine Parts,High,2026-06-08,34,0.56,-16.2,60
THY-0048,Igniter Plug,Engine Parts,High,2026-06-22,27,0.49,-13.0,47
THY-0048,Igniter Plug,Engine Parts,High,2026-07-06,20,0.51,4.3,34
THY-0049,Fuel Nozzle,Engine Parts,High,2025-12-08,2,0.29,0.0,6
THY-0049,Fuel Nozzle,Engine Parts,High,2025-12-22,10,0.23,-20.0,38
THY-0049,Fuel Nozzle,Engine Parts,High,2026-01-05,6,0.31,36.0,22
THY-0049,Fuel Nozzle,Engine Parts,High,2026-01-19,2,0.28,-11.4,11
THY-0049,Fuel Nozzle,Engine Parts,High,2026-02-02,8,0.23,-15.2,50
THY-0049,Fuel Nozzle,Engine Parts,High,2026-02-16,5,0.2,-14.7,30
THY-0049,Fuel Nozzle,Engine Parts,High,2026-03-02,3,0.16,-17.6,15
THY-0049,Fuel Nozzle,Engine Parts,High,2026-03-16,9,0.22,36.7,38
THY-0049,Fuel Nozzle,Engine Parts,High,2026-03-30,6,0.2,-8.9,22
THY-0049,Fuel Nozzle,Engine Parts,High,2026-04-13,2,0.3,47.9,9
THY-0049,Fuel Nozzle,Engine Parts,High,2026-04-27,7,0.32,5.8,33
THY-0049,Fuel Nozzle,Engine Parts,High,2026-05-11,3,0.32,-1.3,14
THY-0049,Fuel Nozzle,Engine Parts,High,2026-05-25,8,0.21,-32.4,45
THY-0049,Fuel Nozzle,Engine Parts,High,2026-06-08,5,0.19,-9.5,31
THY-0049,Fuel Nozzle,Engine Parts,High,2026-06-22,14,0.19,-2.8,55
THY-0049,Fuel Nozzle,Engine Parts,High,2026-07-06,11,0.17,-9.8,44
THY-0050,HPT Turbine Blade,Engine Parts,High,2025-12-08,27,0.91,0.0,25
THY-0050,HPT Turbine Blade,Engine Parts,High,2025-12-22,13,0.99,8.5,13
THY-0050,HPT Turbine Blade,Engine Parts,High,2026-01-05,37,1.1,11.8,42
THY-0050,HPT Turbine Blade,Engine Parts,High,2026-01-19,24,0.95,-13.9,28
THY-0050,HPT Turbine Blade,Engine Parts,High,2026-02-02,11,0.94,-1.3,15
THY-0050,HPT Turbine Blade,Engine Parts,High,2026-02-16,53,0.71,-24.3,60
THY-0050,HPT Turbine Blade,Engine Parts,High,2026-03-02,43,0.68,-4.1,45
THY-0050,HPT Turbine Blade,Engine Parts,High,2026-03-16,32,0.82,21.1,28
THY-0050,HPT Turbine Blade,Engine Parts,High,2026-03-30,19,0.91,10.1,18
THY-0050,HPT Turbine Blade,Engine Parts,High,2026-04-13,49,1.24,36.8,43
THY-0050,HPT Turbine Blade,Engine Parts,High,2026-04-27,35,1.03,-17.0,32
THY-0050,HPT Turbine Blade,Engine Parts,High,2026-05-11,20,1.06,3.1,21
THY-0050,HPT Turbine Blade,Engine Parts,High,2026-05-25,5,1.06,0.0,6
THY-0050,HPT Turbine Blade,Engine Parts,High,2026-06-08,26,0.8,-24.4,36
THY-0050,HPT Turbine Blade,Engine Parts,High,2026-06-22,17,0.67,-16.5,23
THY-0050,HPT Turbine Blade,Engine Parts,High,2026-07-06,6,0.76,13.2,9
THY-0051,Starter Motor,Engine Parts,Medium,2025-12-08,30,0.73,0.0,34
THY-0051,Starter Motor,Engine Parts,Medium,2025-12-22,18,0.85,15.8,23
THY-0051,Starter Motor,Engine Parts,Medium,2026-01-05,8,0.71,-16.0,10
THY-0051,Starter Motor,Engine Parts,Medium,2026-01-19,37,0.79,10.5,63
THY-0051,Starter Motor,Engine Parts,Medium,2026-02-02,29,0.62,-21.0,48
THY-0051,Starter Motor,Engine Parts,Medium,2026-02-16,21,0.56,-9.6,36
THY-0051,Starter Motor,Engine Parts,Medium,2026-03-02,14,0.49,-13.5,24
THY-0051,Starter Motor,Engine Parts,Medium,2026-03-16,6,0.56,15.8,8
THY-0051,Starter Motor,Engine Parts,Medium,2026-03-30,20,0.62,10.1,23
THY-0051,Starter Motor,Engine Parts,Medium,2026-04-13,10,0.72,15.6,10
THY-0051,Starter Motor,Engine Parts,Medium,2026-04-27,22,0.91,26.6,28
THY-0051,Starter Motor,Engine Parts,Medium,2026-05-11,9,0.93,2.0,13
THY-0051,Starter Motor,Engine Parts,Medium,2026-05-25,36,0.85,-8.4,61
THY-0051,Starter Motor,Engine Parts,Medium,2026-06-08,27,0.66,-22.3,47
THY-0051,Starter Motor,Engine Parts,Medium,2026-06-22,19,0.54,-18.3,33
THY-0051,Starter Motor,Engine Parts,Medium,2026-07-06,11,0.58,8.1,17
THY-0052,Bleed Air Valve,Engine Parts,High,2025-12-08,25,0.91,0.0,25
THY-0052,Bleed Air Valve,Engine Parts,High,2025-12-22,8,1.18,29.3,8
THY-0052,Bleed Air Valve,Engine Parts,High,2026-01-05,36,1.3,10.7,39
THY-0052,Bleed Air Valve,Engine Parts,High,2026-01-19,22,1.0,-23.3,32
THY-0052,Bleed Air Valve,Engine Parts,High,2026-02-02,9,0.93,-7.1,12
THY-0052,Bleed Air Valve,Engine Parts,High,2026-02-16,27,0.74,-20.0,36
THY-0052,Bleed Air Valve,Engine Parts,High,2026-03-02,15,0.81,8.7,21
THY-0052,Bleed Air Valve,Engine Parts,High,2026-03-16,50,0.79,-2.1,43
THY-0052,Bleed Air Valve,Engine Parts,High,2026-03-30,38,0.81,2.7,36
THY-0052,Bleed Air Valve,Engine Parts,High,2026-04-13,21,1.2,47.4,21
THY-0052,Bleed Air Valve,Engine Parts,High,2026-04-27,7,1.02,-14.5,4
THY-0052,Bleed Air Valve,Engine Parts,High,2026-05-11,29,1.16,13.2,32
THY-0052,Bleed Air Valve,Engine Parts,High,2026-05-25,16,0.95,-18.0,23
THY-0052,Bleed Air Valve,Engine Parts,High,2026-06-08,40,0.9,-5.7,52
THY-0052,Bleed Air Valve,Engine Parts,High,2026-06-22,30,0.72,-20.1,40
THY-0052,Bleed Air Valve,Engine Parts,High,2026-07-06,21,0.66,-7.3,25
THY-0053,Fan Blade Fairing,Engine Parts,High,2025-12-08,8,0.71,0.0,9
THY-0053,Fan Blade Fairing,Engine Parts,High,2025-12-22,17,1.03,43.8,22
THY-0053,Fan Blade Fairing,Engine Parts,High,2026-01-05,6,0.84,-17.9,8
THY-0053,Fan Blade Fairing,Engine Parts,High,2026-01-19,18,0.96,13.6,28
THY-0053,Fan Blade Fairing,Engine Parts,High,2026-02-02,38,0.68,-29.3,63
THY-0053,Fan Blade Fairing,Engine Parts,High,2026-02-16,30,0.58,-13.9,45
THY-0053,Fan Blade Fairing,Engine Parts,High,2026-03-02,22,0.57,-2.1,35
THY-0053,Fan Blade Fairing,Engine Parts,High,2026-03-16,12,0.68,18.6,16
THY-0053,Fan Blade Fairing,Engine Parts,High,2026-03-30,2,0.74,9.0,4
THY-0053,Fan Blade Fairing,Engine Parts,High,2026-04-13,29,0.82,10.7,35
THY-0053,Fan Blade Fairing,Engine Parts,High,2026-04-27,15,0.94,14.7,17
THY-0053,Fan Blade Fairing,Engine Parts,High,2026-05-11,44,0.85,-9.8,70
THY-0053,Fan Blade Fairing,Engine Parts,High,2026-05-25,33,0.79,-7.2,53
THY-0053,Fan Blade Fairing,Engine Parts,High,2026-06-08,23,0.69,-12.6,44
THY-0053,Fan Blade Fairing,Engine Parts,High,2026-06-22,17,0.49,-28.9,30
THY-0053,Fan Blade Fairing,Engine Parts,High,2026-07-06,9,0.52,7.3,12
THY-0054,Oil Pressure Sensor,Engine Parts,High,2025-12-08,10,0.41,0.0,20
THY-0054,Oil Pressure Sensor,Engine Parts,High,2025-12-22,3,0.43,4.5,8
THY-0054,Oil Pressure Sensor,Engine Parts,High,2026-01-05,11,0.47,8.3,29
THY-0054,Oil Pressure Sensor,Engine Parts,High,2026-01-19,5,0.42,-10.4,14
THY-0054,Oil Pressure Sensor,Engine Parts,High,2026-02-02,19,0.4,-4.8,59
THY-0054,Oil Pressure Sensor,Engine Parts,High,2026-02-16,15,0.3,-25.8,47
THY-0054,Oil Pressure Sensor,Engine Parts,High,2026-03-02,12,0.24,-20.8,37
THY-0054,Oil Pressure Sensor,Engine Parts,High,2026-03-16,8,0.28,19.3,23
THY-0054,Oil Pressure Sensor,Engine Parts,High,2026-03-30,3,0.33,16.4,7
THY-0054,Oil Pressure Sensor,Engine Parts,High,2026-04-13,10,0.43,32.1,19
THY-0054,Oil Pressure Sensor,Engine Parts,High,2026-04-27,4,0.43,-1.2,7
THY-0054,Oil Pressure Sensor,Engine Parts,High,2026-05-11,8,0.46,7.5,22
THY-0054,Oil Pressure Sensor,Engine Parts,High,2026-05-25,3,0.37,-20.1,10
THY-0054,Oil Pressure Sensor,Engine Parts,High,2026-06-08,15,0.33,-8.6,51
THY-0054,Oil Pressure Sensor,Engine Parts,High,2026-06-22,11,0.33,-1.1,35
THY-0054,Oil Pressure Sensor,Engine Parts,High,2026-07-06,7,0.26,-22.6,18
THY-0055,Combustor Liner Panel,Engine Parts,High,2025-12-08,41,0.89,0.0,37
THY-0055,Combustor Liner Panel,Engine Parts,High,2025-12-22,26,1.07,20.9,25
THY-0055,Combustor Liner Panel,Engine Parts,High,2026-01-05,13,0.94,-12.3,14
THY-0055,Combustor Liner Panel,Engine Parts,High,2026-01-19,32,0.92,-2.4,48
THY-0055,Combustor Liner Panel,Engine Parts,High,2026-02-02,20,0.89,-3.4,31
THY-0055,Combustor Liner Panel,Engine Parts,High,2026-02-16,7,0.92,4.2,13
THY-0055,Combustor Liner Panel,Engine Parts,High,2026-03-02,40,0.58,-37.5,47
THY-0055,Combustor Liner Panel,Engine Parts,High,2026-03-16,31,0.61,6.1,37
THY-0055,Combustor Liner Panel,Engine Parts,High,2026-03-30,16,1.06,73.7,18
THY-0055,Combustor Liner Panel,Engine Parts,High,2026-04-13,47,0.82,-22.8,44
THY-0055,Combustor Liner Panel,Engine Parts,High,2026-04-27,30,1.2,46.9,33
THY-0055,Combustor Liner Panel,Engine Parts,High,2026-05-11,18,0.85,-29.7,20
THY-0055,Combustor Liner Panel,Engine Parts,High,2026-05-25,49,0.87,2.6,70
THY-0055,Combustor Liner Panel,Engine Parts,High,2026-06-08,38,0.78,-9.7,52
THY-0055,Combustor Liner Panel,Engine Parts,High,2026-06-22,28,0.69,-12.2,36
THY-0055,Combustor Liner Panel,Engine Parts,High,2026-07-06,18,0.69,0.7,23
THY-0056,Passenger Seat Belt,Cabin Interior,Medium,2025-12-08,35,0.96,0.0,31
THY-0056,Passenger Seat Belt,Cabin Interior,Medium,2025-12-22,21,1.04,7.7,20
THY-0056,Passenger Seat Belt,Cabin Interior,Medium,2026-01-05,5,1.13,8.7,7
THY-0056,Passenger Seat Belt,Cabin Interior,Medium,2026-01-19,18,0.86,-24.2,23
THY-0056,Passenger Seat Belt,Cabin Interior,Medium,2026-02-02,6,0.84,-2.0,9
THY-0056,Passenger Seat Belt,Cabin Interior,Medium,2026-02-16,35,0.68,-19.0,49
THY-0056,Passenger Seat Belt,Cabin Interior,Medium,2026-03-02,26,0.62,-8.6,35
THY-0056,Passenger Seat Belt,Cabin Interior,Medium,2026-03-16,17,0.71,13.8,20
THY-0056,Passenger Seat Belt,Cabin Interior,Medium,2026-03-30,5,0.84,18.4,6
THY-0056,Passenger Seat Belt,Cabin Interior,Medium,2026-04-13,33,0.95,13.2,33
THY-0056,Passenger Seat Belt,Cabin Interior,Medium,2026-04-27,18,1.11,17.6,19
THY-0056,Passenger Seat Belt,Cabin Interior,Medium,2026-05-11,4,1.0,-10.7,3
THY-0056,Passenger Seat Belt,Cabin Interior,Medium,2026-05-25,30,0.93,-6.6,41
THY-0056,Passenger Seat Belt,Cabin Interior,Medium,2026-06-08,18,0.85,-8.4,29
THY-0056,Passenger Seat Belt,Cabin Interior,Medium,2026-06-22,56,0.67,-21.8,65
THY-0056,Passenger Seat Belt,Cabin Interior,Medium,2026-07-06,46,0.73,10.1,49
THY-0057,Life Vest,Cabin Interior,Medium,2025-12-08,23,1.55,0.0,12
THY-0057,Life Vest,Cabin Interior,Medium,2025-12-22,37,2.0,29.4,25
THY-0057,Life Vest,Cabin Interior,Medium,2026-01-05,9,2.02,0.8,6
THY-0057,Life Vest,Cabin Interior,Medium,2026-01-19,48,1.4,-30.8,37
THY-0057,Life Vest,Cabin Interior,Medium,2026-02-02,30,1.28,-8.3,27
THY-0057,Life Vest,Cabin Interior,Medium,2026-02-16,12,1.33,4.0,12
THY-0057,Life Vest,Cabin Interior,Medium,2026-03-02,66,1.0,-25.2,46
THY-0057,Life Vest,Cabin Interior,Medium,2026-03-16,50,1.18,18.4,33
THY-0057,Life Vest,Cabin Interior,Medium,2026-03-30,29,1.49,26.2,18
THY-0057,Life Vest,Cabin Interior,Medium,2026-04-13,53,1.76,18.1,30
THY-0057,Life Vest,Cabin Interior,Medium,2026-04-27,27,1.87,6.4,16
THY-0057,Life Vest,Cabin Interior,Medium,2026-05-11,1,1.84,-1.9,1
THY-0057,Life Vest,Cabin Interior,Medium,2026-05-25,57,1.61,-12.3,51
THY-0057,Life Vest,Cabin Interior,Medium,2026-06-08,41,1.17,-27.0,37
THY-0057,Life Vest,Cabin Interior,Medium,2026-06-22,27,1.03,-12.5,25
THY-0057,Life Vest,Cabin Interior,Medium,2026-07-06,10,1.21,18.0,10
THY-0058,Passenger Oxygen Mask,Cabin Interior,Medium,2025-12-08,77,2.26,0.0,40
THY-0058,Passenger Oxygen Mask,Cabin Interior,Medium,2025-12-22,45,2.3,2.0,19
THY-0058,Passenger Oxygen Mask,Cabin Interior,Medium,2026-01-05,94,2.24,-2.7,62
THY-0058,Passenger Oxygen Mask,Cabin Interior,Medium,2026-01-19,57,2.64,17.9,34
THY-0058,Passenger Oxygen Mask,Cabin Interior,Medium,2026-02-02,31,1.82,-31.1,20
THY-0058,Passenger Oxygen Mask,Cabin Interior,Medium,2026-02-16,93,1.48,-19.0,57
THY-0058,Passenger Oxygen Mask,Cabin Interior,Medium,2026-03-02,72,1.48,0.0,42
THY-0058,Passenger Oxygen Mask,Cabin Interior,Medium,2026-03-16,53,1.39,-5.6,28
THY-0058,Passenger Oxygen Mask,Cabin Interior,Medium,2026-03-30,27,1.87,34.6,13
THY-0058,Passenger Oxygen Mask,Cabin Interior,Medium,2026-04-13,69,2.14,14.0,29
THY-0058,Passenger Oxygen Mask,Cabin Interior,Medium,2026-04-27,38,2.22,3.8,17
THY-0058,Passenger Oxygen Mask,Cabin Interior,Medium,2026-05-11,5,2.39,7.8,4
THY-0058,Passenger Oxygen Mask,Cabin Interior,Medium,2026-05-25,80,1.88,-21.3,53
THY-0058,Passenger Oxygen Mask,Cabin Interior,Medium,2026-06-08,59,1.46,-22.3,40
THY-0058,Passenger Oxygen Mask,Cabin Interior,Medium,2026-06-22,40,1.35,-7.4,27
THY-0059,Galley Latch,Cabin Interior,Low,2025-12-08,36,1.9,0.0,18
THY-0059,Galley Latch,Cabin Interior,Low,2025-12-22,98,1.97,3.8,60
THY-0059,Galley Latch,Cabin Interior,Low,2026-01-05,67,2.21,12.3,40
THY-0059,Galley Latch,Cabin Interior,Low,2026-01-19,44,1.69,-23.7,29
THY-0059,Galley Latch,Cabin Interior,Low,2026-02-02,22,1.56,-7.5,18
THY-0059,Galley Latch,Cabin Interior,Low,2026-02-16,64,1.58,1.1,46
THY-0059,Galley Latch,Cabin Interior,Low,2026-03-02,41,1.66,4.9,28
THY-0059,Galley Latch,Cabin Interior,Low,2026-03-16,24,1.2,-27.6,16
THY-0059,Galley Latch,Cabin Interior,Low,2026-03-30,82,1.55,29.0,42
THY-0059,Galley Latch,Cabin Interior,Low,2026-04-13,58,1.75,12.7,28
THY-0059,Galley Latch,Cabin Interior,Low,2026-04-27,28,2.08,18.9,12
THY-0059,Galley Latch,Cabin Interior,Low,2026-05-11,51,2.07,-0.1,30
THY-0059,Galley Latch,Cabin Interior,Low,2026-05-25,22,2.04,-1.6,16
THY-0059,Galley Latch,Cabin Interior,Low,2026-06-08,61,1.56,-23.4,47
THY-0059,Galley Latch,Cabin Interior,Low,2026-06-22,42,1.37,-12.0,28
THY-0059,Galley Latch,Cabin Interior,Low,2026-07-06,24,1.28,-7.0,17
THY-0060,Reading Light Assembly,Cabin Interior,Medium,2025-12-08,75,1.73,0.0,47
THY-0060,Reading Light Assembly,Cabin Interior,Medium,2025-12-22,50,1.8,4.3,28
THY-0060,Reading Light Assembly,Cabin Interior,Medium,2026-01-05,23,1.88,4.8,17
THY-0060,Reading Light Assembly,Cabin Interior,Medium,2026-01-19,60,1.68,-10.7,50
THY-0060,Reading Light Assembly,Cabin Interior,Medium,2026-02-02,40,1.41,-16.2,31
THY-0060,Reading Light Assembly,Cabin Interior,Medium,2026-02-16,22,1.27,-9.8,19
THY-0060,Reading Light Assembly,Cabin Interior,Medium,2026-03-02,68,1.33,4.6,44
THY-0060,Reading Light Assembly,Cabin Interior,Medium,2026-03-16,51,1.23,-7.5,29
THY-0060,Reading Light Assembly,Cabin Interior,Medium,2026-03-30,27,1.67,35.3,18
THY-0060,Reading Light Assembly,Cabin Interior,Medium,2026-04-13,1,1.91,14.5,1
THY-0060,Reading Light Assembly,Cabin Interior,Medium,2026-04-27,24,1.87,-2.1,14
THY-0060,Reading Light Assembly,Cabin Interior,Medium,2026-05-11,86,1.75,-6.5,59
THY-0060,Reading Light Assembly,Cabin Interior,Medium,2026-05-25,65,1.48,-15.4,51
THY-0060,Reading Light Assembly,Cabin Interior,Medium,2026-06-08,41,1.72,16.8,37
THY-0060,Reading Light Assembly,Cabin Interior,Medium,2026-06-22,25,1.15,-33.3,21
THY-0060,Reading Light Assembly,Cabin Interior,Medium,2026-07-06,54,1.22,5.7,35
THY-0061,Tray Table Arm,Cabin Interior,Low,2025-12-08,62,1.66,0.0,34
THY-0061,Tray Table Arm,Cabin Interior,Low,2025-12-22,38,1.72,3.2,19
THY-0061,Tray Table Arm,Cabin Interior,Low,2026-01-05,13,1.79,4.4,7
THY-0061,Tray Table Arm,Cabin Interior,Low,2026-01-19,45,1.92,7.3,31
THY-0061,Tray Table Arm,Cabin Interior,Low,2026-02-02,28,1.23,-36.3,23
THY-0061,Tray Table Arm,Cabin Interior,Low,2026-02-16,65,1.21,-1.7,46
THY-0061,Tray Table Arm,Cabin Interior,Low,2026-03-02,50,1.11,-7.9,34
THY-0061,Tray Table Arm,Cabin Interior,Low,2026-03-16,32,1.29,16.2,19
THY-0061,Tray Table Arm,Cabin Interior,Low,2026-03-30,80,1.37,5.9,41
THY-0061,Tray Table Arm,Cabin Interior,Low,2026-04-13,57,1.67,22.2,32
THY-0061,Tray Table Arm,Cabin Interior,Low,2026-04-27,30,1.94,16.4,16
THY-0061,Tray Table Arm,Cabin Interior,Low,2026-05-11,67,1.59,-18.0,46
THY-0061,Tray Table Arm,Cabin Interior,Low,2026-05-25,40,1.92,20.5,31
THY-0061,Tray Table Arm,Cabin Interior,Low,2026-06-08,16,1.68,-12.6,15
THY-0061,Tray Table Arm,Cabin Interior,Low,2026-06-22,74,1.27,-24.1,48
THY-0061,Tray Table Arm,Cabin Interior,Low,2026-07-06,56,1.28,0.6,34
THY-0062,Lavatory Smoke Detector,Cabin Interior,High,2025-12-08,41,1.32,0.0,27
THY-0062,Lavatory Smoke Detector,Cabin Interior,High,2025-12-22,23,1.28,-3.1,16
THY-0062,Lavatory Smoke Detector,Cabin Interior,High,2026-01-05,62,1.26,-2.3,57
THY-0062,Lavatory Smoke Detector,Cabin Interior,High,2026-01-19,45,1.22,-3.0,46
THY-0062,Lavatory Smoke Detector,Cabin Interior,High,2026-02-02,28,1.18,-3.2,34
THY-0062,Lavatory Smoke Detector,Cabin Interior,High,2026-02-16,13,1.09,-7.5,15
THY-0062,Lavatory Smoke Detector,Cabin Interior,High,2026-03-02,60,0.89,-18.8,47
THY-0062,Lavatory Smoke Detector,Cabin Interior,High,2026-03-16,47,0.96,8.7,36
THY-0062,Lavatory Smoke Detector,Cabin Interior,High,2026-03-30,28,1.34,39.6,20
THY-0062,Lavatory Smoke Detector,Cabin Interior,High,2026-04-13,9,1.4,3.9,7
THY-0062,Lavatory Smoke Detector,Cabin Interior,High,2026-04-27,42,1.41,1.1,29
THY-0062,Lavatory Smoke Detector,Cabin Interior,High,2026-05-11,19,1.62,15.1,14
THY-0062,Lavatory Smoke Detector,Cabin Interior,High,2026-05-25,46,1.18,-27.5,53
THY-0062,Lavatory Smoke Detector,Cabin Interior,High,2026-06-08,30,1.08,-8.1,32
THY-0062,Lavatory Smoke Detector,Cabin Interior,High,2026-06-22,17,0.94,-13.4,17
THY-0063,Emergency Flashlight,Cabin Interior,High,2025-12-08,9,1.61,0.0,7
THY-0063,Emergency Flashlight,Cabin Interior,High,2025-12-22,35,1.56,-2.9,21
THY-0063,Emergency Flashlight,Cabin Interior,High,2026-01-05,11,1.72,10.1,7
THY-0063,Emergency Flashlight,Cabin Interior,High,2026-01-19,50,1.51,-12.0,43
THY-0063,Emergency Flashlight,Cabin Interior,High,2026-02-02,33,1.27,-16.1,34
THY-0063,Emergency Flashlight,Cabin Interior,High,2026-02-16,21,0.86,-32.2,23
THY-0063,Emergency Flashlight,Cabin Interior,High,2026-03-02,78,0.98,13.7,61
THY-0063,Emergency Flashlight,Cabin Interior,High,2026-03-16,63,1.09,11.8,41
THY-0063,Emergency Flashlight,Cabin Interior,High,2026-03-30,48,1.09,0.0,32
THY-0063,Emergency Flashlight,Cabin Interior,High,2026-04-13,27,1.46,33.7,19
THY-0063,Emergency Flashlight,Cabin Interior,High,2026-04-27,67,1.82,24.2,49
THY-0063,Emergency Flashlight,Cabin Interior,High,2026-05-11,48,1.39,-23.6,43
THY-0063,Emergency Flashlight,Cabin Interior,High,2026-05-25,31,1.23,-11.6,28
THY-0063,Emergency Flashlight,Cabin Interior,High,2026-06-08,13,1.24,0.9,12
THY-0063,Emergency Flashlight,Cabin Interior,High,2026-06-22,61,1.0,-18.7,51
THY-0063,Emergency Flashlight,Cabin Interior,High,2026-07-06,50,0.8,-20.9,38
